id,region,country,customer,request_title,ticket_summary,priority,status_reason,response_done,category,sub_category,created_by,resolved_by,sla_status,created_on,response_date,acceptance_date,request_type,cost_optimized,npt_reduction,production_recovery,request_description,response_summary,attachment_url
TR-001111-N6P0K-20190510054231,Middle East,Iraq,Eni Project - Oil Well Sale,MLEs Failure,,Low (5 Working days),Resolved (Automatically),Yes,Field Service / Rig related,Installation,Montasir Gado,Montasir Gado,Succeeded,2019-05-10,2019-05-13,,,,,,"The MLEs leaking from the pothead armor after connecting the Pothead to the motor and while filling the motor oil.
",,
TR-001112-L3B2P-20190511022811,Africa,Egypt,BAPETCO-,Chemical Treatment using HCL,,Medium (3 Working days),Resolved,Yes,Field Service / Rig related,Troubleshooting,Ragheb Ebrahim,Ragheb Ebrahim,Succeeded,2019-05-11,2019-05-16,2019-05-17,,,,,"Our client performs chemical backwash using coil tube as method of scale treatment process when the chemical injection is no longer effective. In addition to scale inhibitors, they are using HCL and Xylene. The instructions we have had in the past from technical support is the HCL concentration should not be more than 15% as absolutely maximum value and with max soaking time of 8 hrs.  We need to confirm what guidelines would we give our customers during chemical treatments. ",,
TR-001113-D3C2F-20190514012404,Middle East,Saudi Arabia,RIYADH WATER & SEWAGE,Drawing for 740 series Protector,,Medium (3 Working days),Resolved,Yes,"Manufacturing, Assembly, Repair and Test",Assembly,Khaled Elsheikh,Khaled Elsheikh,Succeeded,2019-05-14,2019-05-15,2019-05-15,,,,,I need the drawings please for the protector that we sell to Riyadh Water Authority with our 738 series motors. Part number I need drawing for is 11201-1202-00001010128-00000M. ,,
TR-001114-X7P2R-20190515080946,Africa,Egypt,BAPETCO-,Retrievable DH Tubing Check Valves,,Medium (3 Working days),Resolved (Automatically),Yes,Field Service / Rig related,3rd party products and services,Ragheb Ebrahim,Ragheb Ebrahim,Succeeded,2019-05-15,2019-05-16,,,,,,Our client currently utilizes DH tubing check valve. We sometimes face a problem where the check valve does leaks and get stuck. Client is looking into installing Retrievable DH check valve where you can retrieve and set the check valve using slick line.  Please advise if we have any experience on this and we need to know which suppliers can provide it?,,
TR-001115-M5X8V-20190516101456,Kuwait,Kuwait,Kuwait- KOC,WD-1000 MIN ROR CP,,Medium (3 Working days),Resolved,Yes,Application Engineering,APC Equipment,Wadhah Hussain.,Wadhah Hussain.,Noncompliant,2019-05-16,2019-06-11,2019-06-11,,,,,"Recommended operating range for WD-1000 old design.
",,
TR-001116-W4Y8F-20190517022449,Africa,Egypt,BAPETCO-,GPU/GPX characteristics curves,,Medium (3 Working days),Resolved,Yes,Application Engineering,APC Equipment,Ragheb Ebrahim,Ragheb Ebrahim,Succeeded,2019-05-17,2026-01-20,2026-01-20,,,,,Can you please share with us the characteristics curves for the GPU and GPX?,,
TR-001117-N0W7N-20190517031706,Africa,Egypt,BAPETCO-,Metal Grade Of FER  Housing and Stainless Steel H&B,,Medium (3 Working days),Resolved (Automatically),Yes,"Manufacturing, Assembly, Repair and Test",Inspection / Quality,Ragheb Ebrahim,Ragheb Ebrahim,Succeeded,2019-05-17,2019-05-19,,,,,,Whats the metal grade of our FER housing and Stainless steel H&B? Can you please provide material chemical composition? ,,
TR-001118-G7V2P-20190519074117,Africa,Egypt,Qarun,Four Quadrant Pump Curve,,High (1 Working day),Resolved (Automatically),Yes,Application Engineering,APC Equipment,Ragheb Ebrahim,Ragheb Ebrahim,Noncompliant,2019-05-19,2019-05-20,,,,,,"During a recent audit, our client inquired about four quadrant pump curves. They want this to use it when doing tubing injection test and injection through tubing. Do we have those developed for our pumps?",,
TR-001119-V7L3Z-20190522075610,Middle East,Saudi Arabia,Ogeeng,Solution to Install ESP in Extreme Harsh Environment,,Medium (3 Working days),Resolved (Automatically),Yes,Application Engineering,APC Equipment,Mohammed AlHerz,Mohammed AlHerz,Succeeded,2019-05-22,2019-05-22,,,,,,"Client from Russia is searching for solution to introduce ESP unit in extreme hard conditions (H2S content up to 18 %).
There is such conditions in Customer’s oilfield in Siberia.

In general, he is talking about partial pressure of H2S about 3 MPa, CO2 about 0.25 MPa. H2S content more than 14 %, fluid intake temperature >80 C.

Is i-Lead suitable for this application?

",,
TR-001121-G1J6C-20190522044109,Latin America,Colombia,OCCIDENTAL ANDINA LLC,Strange Data,,High (1 Working day),Resolved,Yes,Application Engineering,APC Equipment,Andres Vargas,Andres Vargas,Succeeded,2019-05-22,2026-01-20,2026-01-20,,,,,"Installed equipment is WE-5500 82 STG, 330HP 1950V 102.5A

Operation current is around 38 amp (should be double, 76 amp) and derating factor of 0.76 in flow and head was used to match the actual operation conditions. The RL of the equipment is 5 days so we don't expect these derating factors.

Beyond the low modifier, the motor current why is it so low? 
Is it recommended to turn off the equipment and start in the opposite direction?

Please find attached the Match file and star up conditions.",,
TR-001122-T6G7S-20190523034011,Latin America,Colombia,Ecopetrol,Stress Analysis Well Loro 16,,High (1 Working day),Resolved (Automatically),Yes,Application Engineering,APC Equipment,SEBASTIAN IZQUIERDO,SEBASTIAN IZQUIERDO,Noncompliant,2019-05-23,2019-06-02,,,,,,"Customer is requesting following information
1.	Stress analysis at pump setting depth 9700ft with DLS 1.19
2.	Stress  analysis at maximum DLS at 3076 ft with DLS 2.96
3.	casing de 8 5/8” 40lbs with drift de 7.6”

",,
TR-001123-S4C8J-20190527113528,Middle East,Saudi Arabia,,Exceed GPX G70,,Low (5 Working days),Resolved (Automatically),Yes,Application Engineering,APC Equipment,Mohammed Eltegani,Mohammed Eltegani,Succeeded,2019-05-27,2019-06-02,,,,,,"The performance curve for the Exceed GPX G70 (including the head, BHP and efficiency) not available. Many Designs submitted to Aramco with Exceed GPX G70 but they are not convinced in our product performance.
Their concern is how much the developed head at each rate with the gas handling percentage
",,
TR-001124-S5G9Z-20190528021601,Africa,Egypt,PETROBEL COMPANY,GPX in sup pump,,High (1 Working day),Resolved (Automatically),Yes,Application Engineering,APC Equipment,Ahmed Abdeen,Ahmed Abdeen,Noncompliant,2019-05-28,2019-06-02,,,,,,"1- what the last update for adding GPX and GPU in sup pump , it will be in new version ?when will release ? 
2-Can we use tapered pump option and add pump simulate the effect of GPX in gases ?if yes what is the pump we can use . 
 
",,
TR-001125-R0J1Z-20190528104220,Latin America,Colombia,Ecopetrol,Maximum Blend equipment serie 400,,Critical (6 Hours),Resolved,,Application Engineering,Design / Optimization,EYDER RAMIREZ,N/A,Noncompliant,2019-05-28T09:00,,,Engineering clarifications,,,,"What is the maximum blend of our equipment series 400?
Description of equipment to install is the following: 
Equipment length 128ft
Pump series 400 and Motor series 450
Well casing 8 5/8 40lbs, ID 7.6",,
TR-001126-W1R7R-20190528105917,Latin America,Colombia,Ecopetrol,Maximum ESP Bending Serie 400,,High (1 Working day),Resolved,,Application Engineering,Design / Optimization,EYDER RAMIREZ,N/A,Noncompliant,2019-05-28T09:00,,,,,,,"What is the maximum ESP bending of our equipment series 400?
The equipment to be installed is the following:
Pump series 400 and Motor series 450
Equipment length, 128 ft
Well casing 8 5/8 40lbd, ID 7.6

",,
TR-001127-F7Z2K-20190530111149,Middle East,Saudi Arabia,Khalda Petroleum Co.,The acid effect on ESP,,High (1 Working day),Resolved,Yes,"Manufacturing, Assembly, Repair and Test",Inspection / Quality,Mohammed Eltegani,Mohammed Eltegani,Succeeded,2019-05-30,2026-03-25,2026-03-25,,,,,"The Rig have been pumping nitrogen to recover the spent acid for 5 days for new drilled water supply well and pH rose from 0 to 3-4. Please advise if we can go ahead and Install/run the ESP and function test at the current pH (3-4) without harming the ESP system (O-rings, Proseal Bags, MLE, power cable, QCI wellhead penetrator …)",,
TR-001128-H8V2Y-20190604031847,Latin America,Colombia,Ecopetrol,"Borets PMM + APC ESP Equipment Installation, Motor oil to be used.",,High (1 Working day),Resolved (Automatically),Yes,Field Service / Rig related,Installation,Rogelio Villasenor,Rogelio Villasenor,Succeeded,2019-06-04,2019-06-09,,,,,,"We are going to perform an Installation with Borets PMM equipment in which they advise that the motor oil used in their ESP is Mobil # 6 (attached documents). In this case, Borets will provide PMM and lower proseal, and APC will install upper proseal, intake and pumps.
 
Talking about the motor oil Mobil #6,
Any recommendation for this installation?
 What will be the load capacities changing the motor oil to #6? 
What about Oil operational temperature?  
",,
TR-001129-D5B5F-20190612110747,Middle East,Saudi Arabia,APC Colombia - Free Zone,Stator pre-heating temperature for Varnishing,,Low (5 Working days),Resolved (Automatically),Yes,"Manufacturing, Assembly, Repair and Test",Assembly,JUAN CADAVID,JUAN CADAVID,Noncompliant,2019-06-12,2019-06-19,,,,,,"Work Instruction WI-06 dated 19/06/2016 states ""PRE-HEAT THE STATOR TO BE VARNISH. APPROXIMATELY 1HOUR @ 325°F. APPLY 1ST COAT OF VARNISH AND LET IT SIT FOR APPROXIMATELY 10MINUTES."", however; current process is to pre-heat the stator to be varnish @120°F when temperature is reached, apply 1st coat of varnish and let it sit for 10 minutes and then increase temperatura until it reaches 325°F and let them cure for 4 hours.

Which is the pre-heating temperature for applying 1st coat of varnish to brand new stator?
After first coat is cured, the stator temperature should go down to 120°F so second coat could be applied. This is the correct approach?",,
TR-001130-Z8W4W-20190612124644,Africa,Egypt,BAPETCO-,Burst Pressure,,Medium (3 Working days),Resolved (Automatically),Yes,Application Engineering,APC Equipment,Ragheb Ebrahim,Ragheb Ebrahim,Succeeded,2019-06-12,2019-06-13,,,,,,"Can you confirm that the pressure referred to in the catalog of burst pressure is for pressure differential across the pump and not the pressure the pump is subject to? Client are planning for TCP hanging application below ESP which will include pressurizing from annulus side up to 3900 PSI on surface while ESP is down-hole. the well is 3000 m deep and expected pressure at the pump will be 8000 psi. They need our feedback about the maximum pressure that can be applied at surface, the allowable pumping rate while filling up the annulus, the allowable rate of pressurization and depressurization using 8.4 PPG brine. The completion string will include check valve just above the ESP. ",,
TR-001131-Z3Q0B-20190614083309,Latin America,Colombia,Ecopetrol,350 SERIES PMM,,High (1 Working day),Resolved (Automatically),Yes,Application Engineering,Design / Optimization,SEBASTIAN IZQUIERDO,SEBASTIAN IZQUIERDO,Succeeded,2019-06-14,2019-06-16,,,,,,ESP Equipment selection using 350 series motor,,
TR-001132-Y5F8R-20190618111508,Africa,Egypt,BAPETCO-,Ultra Deep ESP installation,,High (1 Working day),Resolved,Yes,Application Engineering,Design / Optimization,Ragheb Ebrahim,Ragheb Ebrahim,Succeeded,2019-06-18,2026-01-20,2026-01-20,,,,,"Client wants to install and ESP in an exploration well with  PSD=4200m
1.	Reservoir pressure: 7138 psi (Reference to well proposal)
2.	Reservoir temperature: 305 deg F (based on the projected temp gradient) 
",,
TR-001133-V5D2F-20190620112702,Africa,Egypt,BAPETCO-,Max Pressure for the Cables,,Medium (3 Working days),Resolved,Yes,Application Engineering,APC Equipment,Ragheb Ebrahim,Ragheb Ebrahim,Succeeded,2019-06-20,2026-01-20,2026-01-20,,,,,"Client is planning to do injection on the annulus where the pressure could reach up to 4000 psi on the surface and around 7000-8000  psi on the downhole. 
 
I want to know how would this effect our cable and MLE? What’s the rate of pressurization limits? How fast can they increase from 0-4000 psi on the surface?
 
",,
TR-001134-X0Q2M-20190627053553,Kuwait,Kuwait,KOC-APC Kuwait,Number of bearings in WSP pumps,,Medium (3 Working days),Resolved,Yes,"Manufacturing, Assembly, Repair and Test",Assembly,Wadhah Hussain.,Wadhah Hussain.,Succeeded,2019-06-27,2019-07-01,2019-07-02,,,,,"Client (KOC) are asking about standard number of bearings in our pumps, and if it is possible to increase such bearings along the pump assemble to increase/ enhance stability. as they do have some confirmed cases where they have lost mechanical sealing in the seal section due to vibrations in the pump section which can be avoided by increasing such bearings. ",,
TR-001135-C9G7X-20190701075240,Kuwait,Kuwait,Kuwait- KOC,Sandstone 3 stages of stimulation,,Critical (6 Hours),Resolved,Yes,Application Engineering,Design / Optimization,Wadhah Hussain.,Wadhah Hussain.,Succeeded,2019-07-01,2019-07-01,2019-07-01,,,,,"	Injectivity test: to check perforation: 

•	 R/U pump on casing since the whole job will be pumping through the annulus
•	 The maximum pumping pressure = 1000 psi.
•	Start pumping water :
a)	if the pressure increases that means we have a blockage in the perforations
b)	if the pressure start to decrease that’s means the perforations are fine and not blocked

	Stimulation by BH : if case (b) is accrue during the injectivity , we will proceed with the stimulation 

3 stages of stimulation will be pumped (Each stage = 13 ft)  as follows the sequence will be ( Break down Acid , emulsified acid , acid spacer , diverter , Break down Acid , emulsified acid , acid spacer , diverter….. etc.):
•	45 bbl of Pre – Flush ( water + 10% mutual solvent) 
•	30 gal/ft break down acid 15% HCl 
•	75 gal/ft emulsified Acid 
•	2 bbl Acid spacer 
•	25 gal/ft diverter ( excluding the last stage ) 
•	Then displace the acid by water (2* wellbore volume ) = 90 bbl 

During the job another pump will be rigged up thru the casing & will pump 40 bbl of diesel @min rate to push the treatment into the formation & prevent the acid to go upward toward the ESP cable (MAX.WHP: 1000 psi )

The above program will be applied for one of our wells, and client is asking if our equipment can handle the above quantities without failure.",,
TR-001136-N1X6X-20190707044753,Africa,Egypt,BAPETCO-,Derating below XT1,,High (1 Working day),Resolved (Automatically),Yes,Application Engineering,APC Equipment,Ragheb Ebrahim,Ragheb Ebrahim,Succeeded,2019-07-07,2019-07-08,,,,,,Can we derate our motors below XT1? if so by what percentage?,,
TR-001137-W0F8W-20190712111023,Latin America,Colombia,Ecopetrol,Motor Slim Premier,,High (1 Working day),Resolved,Yes,"Manufacturing, Assembly, Repair and Test",Assembly,EYDER RAMIREZ,EYDER RAMIREZ,Succeeded,2019-07-12,2019-07-14,2019-07-14,,,,,A client is asking for What kind of thrust bearing is used in the motors coming from Premier? and also What shape of rotor motor bar is used in those motors?,,
TR-001138-R4N9Y-20190722052125,Africa,Egypt,BAPETCO-,Need Quality Checks for Third Party MLE plan on purchasing,,Medium (3 Working days),Resolved,Yes,"Manufacturing, Assembly, Repair and Test",Inspection / Quality,Khaled Elsheikh,Khaled Elsheikh,Succeeded,2019-07-22,2019-07-25,2019-07-25,,,,,"Due to the Dammam plant having an issue with current supply of MLE material from Keyrite. Dammam plant cannot supply 456 MLE's in enough quantity and are late on deliveries. Egypt operation to not lose revenue, will purchase some 456 MLE's from a local supplier called Comet. These MLE's are originally sourced from Huatong in China. Could you please issue and advise some extra quality checks that should be done to ensure these MLE's meet the APC quality criteria and we dont have any issues running. The usual electric and pothead pressure test will be done but what else should be done. We are assuming that dimensional checks should be done at a least and if this is so, can you please attach the current APC 456 MLE drawing to the response to this ticket so we can do the dimensional checks. Is there  anything else we should check also.",,
TR-001139-R2H2S-20190723065924,Africa,Congo,Eni Congo S.A.,Performance of  Sand Eliminator on MBD-1302,,Medium (3 Working days),Resolved (Automatically),Yes,Application Engineering,3rd party products and services,Ali Mohammed,Ali Mohammed,Succeeded,2019-07-23,2019-07-28,,,,,,"Client requests to check if fluctuations that we are having on amps are due to the sand eliminator. 
",,
TR-001140-Y2L1R-20190724020816,Latin America,Ecuador,PETROAMAZONAS EP,"ECU, PanAm, Infant Failure, Sacha-468 #1, MHA Issue",,Critical (6 Hours),Resolved,,"Manufacturing, Assembly, Repair and Test",,Rogelio Villasenor,N/A,Noncompliant,2019-07-24T09:00,,,,,,,"https://www.dropbox.com/sh/q5abuqgip9b13cv/AABd966M0mccVHQMRFd0anMca?dl=0

Infant failure of the ESP equipment of the Sacha 468 # 1 well, where there was an electrical failure to which TD was made, only to Motor and seals, since the other accessories were reused in The next run.

The electrical Failure  during the TD was identified in the MHA, similar to a case we showed you when you were in Colombia also from Ecuador.

The client is considering a total of 100 hours of NPT, even though it should not be listed as an NPT, since the ESP equipment operated for 3 hours.

Your support to evaluate the Issue, considering that the client has made the NPT official and has 5 days to defend the case.

",,
TR-001141-F9D8J-20190728023314,Africa,Egypt,PETROBEL COMPANY,Use of DOW CORNING,,High (1 Working day),Resolved (Automatically),Yes,"Manufacturing, Assembly, Repair and Test",Assembly,Mohamed Barakat,Mohamed Barakat,Succeeded,2019-07-28,2019-07-29,,,,,,"1- What is the benefits of using DOW CORNING.
2- when we can use this DOW CORNING as this is an electrical silicon compound.
3- for what we can use ",,
TR-001142-M4S2S-20190809041229,Latin America,Colombia,PANAMERICAN,Motor Cooling System,,Medium (3 Working days),Resolved,Yes,Application Engineering,APC Equipment,Carlos Bernal,Carlos Bernal,Noncompliant,2019-08-09,2026-01-20,2026-01-20,,,,,"There are many opportunities to enter the Argentinan market and install our equipment however they usually install the ESP equipment below perforations, but the wells were completed with 5.5 inches casing which limits the use a shroud due to the amount of motors used (length of the shroud) and also we have limitation of the shroud where we have high DLS it is due to the length of the shroud (more than 100 ft). Since 2015 was presented in SPE Brazil (SPE-173975-MS, Please refer to this document or let me know how can I share it) a Motor Cooling System (MCS) which nowadays is a standar / required to install ESP equipment in Panamerican (PAE). Could we have a similar product to offer them?",,
TR-001143-C5M4K-20190813065320,Africa,Egypt,Khalda--,Khalda tender clarification points,,Critical (6 Hours),Resolved,Yes,Application Engineering,APC Equipment,Mohamed Barakat,Mohamed Barakat,Noncompliant,2019-08-13,2026-01-20,2026-01-20,,,,,"clarification for some points for KHALDA Tender.

1-Dielectric oil volume for each motor type.
2-HP Consumption for Protectors
3-TC Material specifications
4-Intake volume for each type.
5-Composition details for the bag types suitable for aromatics , abrasive materials, and high motor temperatures. 
",,
TR-001144-X9Q0M-20190814075738,Latin America,Colombia,2B Operating Petroleum Company,Stator straightening Procedure Review,,Low (5 Working days),Resolved (Automatically),Yes,"Manufacturing, Assembly, Repair and Test",Assembly,JUAN CADAVID,JUAN CADAVID,Succeeded,2019-08-14,2019-08-18,,,,,,"Please confirm the following comment to procedure MPP-00049, rev 3 dated September 19 -2016, which is outdated. If this procedure is not the latest one please indicated the latest versión for review, on the contrary please answer the following questions: 

1. Item number 4.3 is stated to verify the runout of the stator using a dial gauge, measuring in three point and to hammer the housing were deviations above 0,015"" are found in order to straighten the equipment. However, this process is no longer used in Dammam´s Plant. The question is: Should this item number 4.3 continues to be valid? Keep in mind that hammering is no longer used on the shop.
2. If item number 4.3 will continue to be used, Should procedure sequence of activities should be reviewed?.
3. Ítem number 4.5 states that ""EACH SECTION IS TO BE WITHIN .002” TOLERANCE"". However, the deviation used on the shop is of 0,003"" in each point measured. Can you please confirm máximum allowed tolerance using the straightening gauge in each point.

4. Ítem 4.7 states to straighten Stators Ends using hammering method, however, this process is not being used. Should we continue this practice or heat could be applied?

",,
TR-001145-L9L4N-20190825022550,Latin America,Colombia,2B Operating Petroleum Company,Stator slot file tooling,,Low (5 Working days),Resolved,Yes,"Manufacturing, Assembly, Repair and Test",Assembly,JUAN CADAVID,JUAN CADAVID,Succeeded,2019-08-25,2019-08-27,2019-08-27,,,,,"Procedure MPP-00045 dated 19 of September 2016, on ítem 4.3.10 and 4.4.2 demands to use a slot file to clean each slot.

1. In case we do not have a slot file available, how this process could be done and which tool should be used.
2. The abovementioned step could be avoided during stator lamination process?
3. Can you please provide Slot File Drawings?",,
TR-001146-C5V7Y-20190828124657,Latin America,Colombia,PAREX RESOURCES COLOMBIA LTD SUCURSAL,560 series motors,,Critical (6 Hours),Resolved,Yes,Application Engineering,APC Equipment,Ernesto Garcia,Ernesto Garcia,Noncompliant,2019-08-28,2026-01-20,2026-01-20,,,,,"One of our important clients here in Colombia ask us the following questions about the curves of all of our 560 series motors, we would thank your support to clarify them these questions: 
 
1.	We have 9 ESP systems running at this moment with them, 8 of them have 560 series motors and one  of them has 550 series motors. They are worried about those 8 ESP systems with 560 series motor and the coming proposals of us because in subpump when the 560 series motors are charged below 40% the current behaves inversely proportional to the load, i mean, the lower the motor is charged, the current is higher. (See Graphics with this behavior). When the motor is charged greater than 40%, the current behaves directly proportional to the load. But when they compare the same curves for the 550 series motor they do not see  the same behavior than the 560 series motors below the 40% of load.  
•	Our client want to know the reasons because these two types of motors (560 series and 550 series) has different behaviors below the 40% of load. For them 560 series motors with a wrong behavior and 550 series motor with a correct behavior.
•	Our client want to know why our catalog of 2017 has the curves for 560 series motors above the 40% of load  but any of them show the curves below the 40% of load. In 550 series the current is directly proportional to the load. (Graphic attachment)
                                                                                                                                                                                                                                          
They want to confirm that during the startup of these 560 series motors when these motors are below the 40% of its maximum load the higher current that they require could affect the isolation of the MLE or power cable.",,
TR-001147-C3G4V-20190830103511,Latin America,Colombia,Ecopetrol,WE1500H Assembly Procedure,,High (1 Working day),Resolved,Yes,"Manufacturing, Assembly, Repair and Test",Assembly,Eyder Canon,Eyder Canon,Succeeded,2019-08-30,2026-03-29,2026-03-29,Engineering clarifications,,,,"Customer has requested its first pump WE1500H, please provide latest version of MPP for assembly of WE1500H pump.",,
TR-001148-Q0D4X-20190903010841,Latin America,Colombia,2B Operating Petroleum Company,Drawing T2-10015,,High (1 Working day),Resolved,Yes,"Manufacturing, Assembly, Repair and Test",Tooling and equipment,JUAN CADAVID,JUAN CADAVID,Succeeded,2019-09-03,2019-09-03,2019-09-04,,,,,"Third party manufacturing the Extensión Adapter for 560 Series, drawing T2-10015 Rev. NR dated 12-05-2019 has some questions:
1. What is the internal diameter of the piece?
2. What are the tolerances that should be used?
3. It is required to machine a key way on this tool to fit the mandrel?
",,
TR-001149-G2F9D-20190903024409,Africa,Egypt,Khalda--,DLS Calculator,,High (1 Working day),Resolved,Yes,Application Engineering,APC Equipment,Ragheb Ebrahim,Ragheb Ebrahim,Noncompliant,2019-09-03,2026-01-20,2026-01-20,,,,,"We have used the DLS calculator sheet to perform a design now the client wants to to know what's the operating principles of this calculator 
•	The operating principle of the dogleg severity calculator in the well string design.
“The fact that the DLS calculator gives different maximum allowable DLS at setting depth, ranging from 0.5 up to 4.15 °/100 ft among the design samples of the tender, and in one case, the DLS limit was 0.07 °/100 ft, hence, not complying with COMPANY scope of work, which include wells with DLS up to 5 °/100 ft at pump setting depths. Please clarify”.
",,
TR-001150-M7Y9V-20190903024528,Africa,Egypt,Khalda--,Intake Technical Data,,High (1 Working day),Resolved,Yes,Application Engineering,APC Equipment,Ragheb Ebrahim,Ragheb Ebrahim,Noncompliant,2019-09-03,2026-01-20,2026-01-20,,,,,"•	Pump Intake Technical Data, we need the following
o	Entrance volume capabilities for each type and size.
o	Detailed construction of each type.
o	Bearing type and maximum load.
",,
TR-001151-Z2Y4Z-20190903024846,Africa,Egypt,Khalda--,API certificates,,High (1 Working day),Resolved (Automatically),Yes,"Manufacturing, Assembly, Repair and Test",Inspection / Quality,Ragheb Ebrahim,Ragheb Ebrahim,Noncompliant,2019-09-03,2019-09-05,,,,,,"We need All documents that support that all equipment are manufactured according to API or equivalent Specifications & CONTRACTOR should confirm that and provide documentation 

",,
TR-001152-K5H4W-20190903025022,Africa,Egypt,Khalda--,Certification of Workshops Outside Dammam,,High (1 Working day),Resolved (Automatically),Yes,"Manufacturing, Assembly, Repair and Test",Inspection / Quality,Ragheb Ebrahim,Ragheb Ebrahim,Succeeded,2019-09-03,2019-09-04,,,,,,"We need to know if our workshop outside Dammam are covered by ISO. Clients wants the approved Certification for Workshop “which exist in Egypt” and should include all manufacturing, quality and safety measures certificates. “The attached certificates, both in the technical offer and your clarification reply grants the certification for Alkhorayef center in Saudi Arabia, nothing related to the workshop in Alexandria, Egypt”.",,
TR-001154-N4G6T-20190905033702,Africa,Congo,Eni Congo S.A.,Shrould Max load can carry,,Critical (6 Hours),Resolved,Yes,Application Engineering,APC Equipment,Ali Mohammed,Ali Mohammed,Succeeded,2019-09-05,2026-01-20,2026-01-20,,,,,Client needs to intall a screen at the bottom of the shroud. Please help provide maximum load that the shroud carry with supporting document,,
TR-001155-J5F3F-20190905095432,Latin America,Colombia,ALKHORAYEF PETROLEUM COLOMBIA,Mandrel for Stator 450 High Power,,Medium (3 Working days),Resolved (Automatically),Yes,"Manufacturing, Assembly, Repair and Test",Tooling and equipment,JUAN CADAVID,JUAN CADAVID,Succeeded,2019-09-05,2019-09-09,,,,,,"Colombia´s Stator Project has a delay due to breach of contract from a Tender. In order to procurement a mandrel for stator series 450 high power as per latest drawing D2-22364 Rev A issued on April 30, 2019; it is required to know if mandrel required the Chroming plating. In affirmative answer please provide specification of plating thickness. Please advice.",,
TR-001156-N5Z1L-20190907034841,Latin America,Colombia,Alkhorayef Petroleum Colombia,Stator Dry out after washing,,Low (5 Working days),Resolved,Yes,"Manufacturing, Assembly, Repair and Test",Tooling and equipment,JUAN CADAVID,Mohamed Kamel,Succeeded,2019-09-07,2019-09-08,,,,,,"For setting up the hot air blower in Colombia´s plant, Can you please provide the procedure for dry out of brand new stators after washing process?

If no procedure available please confirm the following:

1. Maximum temperature at which blower should work? At Dammam we observed a constant temperatura of 77 °F. This is the standard temperature?
2. Is there any variation to temperature according to Stator Series?
3. Is there a Maximum and minimum time to blow stator to ensure solvent dry out after stator washing? We have observed that blower is activated for 30 minutes approximatly per stator.

",,
TR-001157-R4Y9R-20190915125128,Latin America,Colombia,Alkhorayef Petroleum Colombia,Hi-POT testing during stator winding,,Low (5 Working days),Resolved (Automatically),Yes,"Manufacturing, Assembly, Repair and Test",Assembly,JUAN CADAVID,JUAN CADAVID,Succeeded,2019-09-15,2019-09-19,,,,,,"Procedure MPP-00020 issued on 19/9/2016 on attachments 2 and 3 has check point for high voltaje test. Please provide answer to th following:

1. This is the latest versión of this MPP? 
2. Which attachment should be followed for testing Brand new stators?
Currently we are using attachment 2 checkpoint for High voltaje test on 1/2 coil windings. But this one represent more strees to the wire and represents more assmbly time. Could we use only the teste suggested on Attachment 3?Please advice.",,
TR-001158-M0H6R-20190918115840,Africa,Egypt,BAPETCO-,Cable Pressure Limits,,Critical (6 Hours),Resolved (Automatically),Yes,Application Engineering,APC Equipment,Ragheb Ebrahim,Ragheb Ebrahim,Noncompliant,2019-09-18,2019-09-19,,,,,,"What are the cable pressure limits for your cable. 

Client wants to increase pressure through the casing where the pressure will reach 4000 psi on surface and 8000 psi on the down hole at the ESP setting depth.

Please we need to know what's the pressure limits for our cable? and are there any other weak points that will not handle this high pressure of 8000 psi on ESP? 

ESP installation is due in 2 weeks and client wants an answer today to proceed with WO program",,
TR-001159-N3H9J-20190922032021,Africa,Egypt,Alkhorayef Petroleum Factory For Electrical Submersible Pumps,Protector head hole creation,,High (1 Working day),Resolved,Yes,"Manufacturing, Assembly, Repair and Test",Assembly,Mohamed Barakat,Mohamed Barakat,Succeeded,2019-09-22,2026-03-29,2026-03-29,Engineering clarifications,,,,"1- The Protector head is including an upper hole which is to be closed during Protector testing. 
2- This closing plug is shrunk into the upper hole during losing the plug.
3- we drill this plugged hole to open the passage of the oil.

Finally, what is the impact of this action and what is the recommended action?",,
TR-001160-V8G9X-20190922041509,Africa,Egypt,Alkhorayef Petroleum Factory For Electrical Submersible Pumps,Cable leads Heat Evidence,,High (1 Working day),Resolved (Automatically),Yes,Field Service / Rig related,Installation,Mohamed Barakat,Mohamed Barakat,Succeeded,2019-09-22,2019-09-23,,,,,,if the reading of cable electrically is ok but there is heating affect on the cable leads. Can we reverse and reuse this cable ?,,
TR-001161-S3S1V-20190922074116,Africa,Egypt,Qarun,Pumps Technical Data,,Medium (3 Working days),Resolved,Yes,Application Engineering,APC Equipment,Ragheb Ebrahim,Ragheb Ebrahim,Noncompliant,2019-09-22,2026-01-20,2026-01-20,,,,,"1) Client is asking what's the max stages for any compression pump so that the thrust bearing can handle the load of these stages. can we use the info in the catalouge or is there any update? also the number of stages in catalouge is only when using the same series seal what if for example we use the pump of 400 Ser with 500 Ser seal?
2) for different types of housing (CS, FER) what are the limits of CO2, H2S, Salinity and Temperature?
3)  what are the different types of bearings available other than TC? 
 ",,
TR-001162-M5R3P-20190924102535,Kuwait,Kuwait,Kuwait- KOC,Reservoir Stimulation,,High (1 Working day),Resolved,Yes,Application Engineering,Design / Optimization,Wadhah Hussain.,Wadhah Hussain.,Noncompliant,2019-09-24,2026-01-20,2026-01-20,,,,,"A new technology for reservoir stimulation is planned to be performed by CTU in two candidate ESP wells as a pilot.
Please review the chemical composition and advise if it will effect on  ESP cable and/or ESP string
please refer to attachments form more information  about chemical and job plan.",,
TR-001163-C5B5P-20190926093410,Africa,Congo,Eni Congo S.A.,Alternative system in the well IKM 107 where oil is very viscous with gravity of 13°API -ESPCP,,High (1 Working day),Resolved,Yes,Application Engineering,Design / Optimization,Ali Mohammed,Ali Mohammed,Noncompliant,2019-09-26,2026-01-20,2026-01-20,,,,,"Eni is  looking for alternative system in the well IKM 107 where oil is very viscous with gravity of 13°API as per datasheet.
We already installed two ESP but results are not good and want to shift to ESPCP.
Currently, the well is producing but the production is very low.
",,
TR-001164-K2R0K-20190928041830,Latin America,Colombia,APC Colombia,Lock Plate Material,,Low (5 Working days),Resolved,Need more information,"Manufacturing, Assembly, Repair and Test",,Eyder Canon,N/A,Canceled,2019-09-28T09:00,,,,,,,"Some BOMs in oracle are have lock plate PN 11101-1201-00000012373 and 11101-1201-00000012375 these are in CS material and the equipment to assembly are FH.
These are the Proseal PNs.

        11201-1202-00001067235	BPBSL, AR-HL, PROSEAL, 500 SERIES, UHSS, FH, SSHB, AFLAS
        11201-1202-00001067726	PROSEAL, 500 SER, LSBPB,HL,AR, HSS,FH,SS416HB,AFLAS
        11201-1202-00001600578	PROSEAL, 500 SER, LSBSB, HL, HSS, FH, SSHB, AFLAS
        11201-1202-00001068396	PROSEAL, 500 SER, LSBPB, HL, AR, UHSS,FH,SSHB,AFLAS
        11201-1202-00001068642	PROSEAL, 500SER, PSBSB, AR, HL, MONEL,FH,SSHB, AFLAS
        11201-1202-00001004550	PROSEAL, 500 SER, LSBPB, HL, STD, MONEL, FH, SSHB, AFLAS
 ",,
TR-001165-K1Z0K-20190930072828,Kuwait,Kuwait,APC Kuwait,Minimum acceptable ESP RIH electric continuity resistance readings,,Medium (3 Working days),Resolved,Yes,Field Service / Rig related,Installation,Mohammed Al - Jaberi,Mohammed Al - Jaberi,Succeeded,2019-09-30,2019-09-30,2019-09-30,,,,,"I would like to know from any operations if they have ever landed an ESP system with resistance readings (phase to ground) as low as 20 Mohms, normally we never get below 500 Mohms even for wells as deep as 10,000 feet. anytime the readings go below this figure we usually have interference either atmospheric (dust, fog affecting the meter) or a damage on the cable while RIH.",,
TR-001166-B9C7D-20191005045717,Africa,Egypt,Qarun,XT3 380Ser Motors,,High (1 Working day),Resolved,Yes,Application Engineering,APC Equipment,Ragheb Ebrahim,Ragheb Ebrahim,Noncompliant,2019-10-05,2026-01-20,2026-01-20,,,,,XT3 rating slim motors are not in catalog nor in subpump. please we need to at least have them in Subpump to be able to do selection ,,
TR-001167-K2T4N-20191006110216,Africa,Egypt,APC Egypt,Material specificatio  for carbon material housing,,Critical (6 Hours),Resolved (Automatically),Yes,"Manufacturing, Assembly, Repair and Test",Inspection / Quality,Mohamed Barakat,Mohamed Barakat,Noncompliant,2019-10-06,2019-11-12,,,,,,Material specification for the carbon material housing which is including the material chemical composition.,,
TR-001168-D0D4W-20191009054639,Middle East,Indonesia,TATELY NV,ESP installation pass through several perforation,,Medium (3 Working days),Resolved,Yes,Application Engineering,Design / Optimization,Herliyan Adeaprilastiawan,Herliyan Adeaprilastiawan,Noncompliant,2019-10-09,2026-01-20,2026-01-20,,,,,"Due to shallow and low static pressure (estimate 900 - 1200 psi), it come to the solution to set the ESP pass through several zones, estimate PSD is 600 m (zone 1: 376 - 380 m; zone 2: 439 - 453 m; zone 3: 457 - 462 m; zone 4: 644 - 651 m)).
There is a concern how to protect the ESP cable in front of perforation.
Is the cable guard sufficient enough against this pressure?
Any recommendation?
Thanks for the valuable input.
",,
TR-001169-P1C8J-20191011120519,Africa,Egypt,Qarun,Chemical treatement,,Medium (3 Working days),Resolved,Yes,Application Engineering,APC Equipment,Ragheb Ebrahim,Ragheb Ebrahim,Noncompliant,2019-10-11,2026-01-20,2026-01-20,,,,,How can our downhole equipment handle and tolerate well treatment with chemicals such as acids solvents and scale inhibitors. please provide any guidelines and whether any treatment can not be used at all.,,
TR-001171-T0Y1Z-20191014031439,Kuwait,Kuwait,APC Kuwait,WSP Equipment complete tech specs with part numbers,,Medium (3 Working days),Resolved,Yes,"Manufacturing, Assembly, Repair and Test",Assembly,Mohammed Al - Jaberi,Mohammed Al - Jaberi,Succeeded,2019-10-14,2019-10-15,2019-10-15,,,,,"I need a data base with all WSP down-hole equipment complete with the descriptions and corresponding part numbers, please note that this information will be shared in part or wholly with our client (KOC)",,
TR-001172-P6T3Q-20191015112852,Latin America,Colombia,Alkhorayef Petroleum Colombia,Go - No Go Gauge for burnishing tools,,Medium (3 Working days),Resolved,Yes,"Manufacturing, Assembly, Repair and Test",Tooling and equipment,JUAN CADAVID,JUAN CADAVID,Succeeded,2019-10-15,2019-10-16,2019-10-16,,,,,Please provide the design drawings of the go - no go gauges for burnishing tools used for stator series 450 High Efficiency and 560 series,,
TR-001173-V0Q5B-20191015114732,Latin America,Colombia,Alkhorayef Petroleum Colombia,Snap ring Drawing,,Medium (3 Working days),Resolved,Yes,"Manufacturing, Assembly, Repair and Test",Inspection / Quality,JUAN CADAVID,JUAN CADAVID,Succeeded,2019-10-15,2019-10-16,2019-10-16,,,,,"Please provide the drawings of the snap rings used on stator series 450 High Efficiency and 560.
P/N for 450 High Efficiency is 11101-1101-00000084000
P/N for 560 is 11101-1101-00000085003",,
TR-001174-P5M9H-20191015115658,Latin America,Colombia,Alkhorayef Petroleum Colombia,Lamination Loader updated drawing,,Medium (3 Working days),Resolved,Yes,"Manufacturing, Assembly, Repair and Test",Tooling and equipment,JUAN CADAVID,JUAN CADAVID,Noncompliant,2019-10-15,2026-03-29,2026-03-29,Engineering clarifications,,,,"As per Audit made to Colombia´s manufacturing, lamination loader was built as per drawing T2-100001 Rev. NR date 17-april-2019. As per Audit, this drawing is outdated.
Please provide the latest lamination loader drawings for stator series 450 High Efficiency and 560.

",,
TR-001175-Z1R3N-20191017120125,Latin America,Colombia,Ecopetrol,Stress Analysis for CH-90,,High (1 Working day),Resolved,Yes,Application Engineering,APC Equipment,SEBASTIAN IZQUIERDO,SEBASTIAN IZQUIERDO,Noncompliant,2019-10-17,2026-01-20,2026-01-20,,,,,Stress analysis is required for CH90 ESP selection. Further details in e-mail (I couldn´t attach the files by this plataform),,
TR-001176-V5Q6F-20191019011101,Africa,Sudan,"Petro-Energy E&P Co., LTD.",Troubleshooting ordeal,,Medium (3 Working days),Resolved,Yes,Field Service / Rig related,Troubleshooting,Mazin Ibrahim,Mazin Ibrahim,Noncompliant,2019-10-19,2019-10-27,2019-10-27,,,,,"Well deemed failed due to mechanical problem but restarted again after a while.
The well kept down for 6 month and restarted as per the client request. the prussure had built up during stoppage period, hence the well started producing when started.
The client now is demanding NPT period for the stoppage period.",,
TR-001177-K9D5N-20191021101407,Africa,Egypt,Alkhorayef Peroluim LLC,Material specification request,,Critical (6 Hours),Resolved (Automatically),Yes,"Manufacturing, Assembly, Repair and Test",Inspection / Quality,Mohamed Barakat,Mohamed Barakat,Succeeded,2019-10-21,2019-10-21,,,,,," Kindly provide me the Last version of the following material specifications:

1-	MS-0002
2-	MS-00061
",,
TR-001178-J4J7B-20191023123642,Latin America,Colombia,APC Colombia,Lamination Torque Checking,,High (1 Working day),Resolved,Yes,"Manufacturing, Assembly, Repair and Test",Inspection / Quality,JUAN CADAVID,JUAN CADAVID,Succeeded,2019-10-23,2026-03-29,2026-03-29,Design support not tied to active rig jobs,,,,"Please provide the information regarding the torque that should be applied to stator after performing the lamination pressing. Please provide the table showing the different torque for each Horsepower range for Stators Series 560 and 450 High Efficiency.
",,
TR-001179-V5F6T-20191026012818,Latin America,Colombia,ALKHORAYEF PETROLEUM COLOMBIA,Keyless Bearing Bar,,Low (5 Working days),Resolved,Yes,"Manufacturing, Assembly, Repair and Test",Tooling and equipment,JUAN CADAVID,JUAN CADAVID,Succeeded,2019-10-26,2019-10-28,2019-10-28,,,,,"Please provide drawings or instructions to manufacture a keyless bearing gauge for Stator Serie 450 High Efficiency and 560 Series.
In case drawing is not available, please confirm if the keyless bearing gauge could be replaced by the use of the slick bar. Thanks.",,
TR-001180-Q9N6Y-20191026045832,Africa,Egypt,Alkhorayef Peroluim LLC,Motor shaft material,,High (1 Working day),Resolved (Automatically),Yes,Field Service / Rig related,Installation,Mohamed Barakat,Mohamed Barakat,Noncompliant,2019-10-26,2019-10-27,,,,,,"I need to know what the material of motor shaft 120 KSI & 170 KSI ? are those all CS? 
Also can we consider the 120 KSI as a STD and 170  KSA is a HSS? ",,
TR-001181-Y3C6S-20191027102100,Latin America,Colombia,Ecopetrol,Oil Production in different zones,,High (1 Working day),Resolved,,Application Engineering,Design / Optimization,EYDER RAMIREZ,N/A,Noncompliant,2019-10-27T09:00,,,,,,,"Our client ECP GPY is looking alternatives to produce with different zones isolated, the well has a limitation due is casing 7"" 26lb, the pump will be in a depth around 8500ft with high TDH (7500ft) and viscosity, usually is used DUAL ESP but no apply for the casing. 

We have some technologies to use one single pump to produce with different zones that have different characterization (Api, WC%, oil rate, etc)",,
TR-001182-P2Q9L-20191029052812,Latin America,Colombia,APC Colombia,Acceptance Critirea for Housing,,Low (5 Working days),Resolved,Yes,"Manufacturing, Assembly, Repair and Test",Inspection / Quality,JUAN CADAVID,JUAN CADAVID,Succeeded,2019-10-29,2019-10-30,2019-10-30,,,,,"Please provide the acceptance criteria that should be used for acceptance of housing for Brand new and used stator.
Cirteria should include external appereance of housing.
Please provide sampling procedure to determine number of units to inspect from each batch.",,
TR-001183-L8T7C-20191029053343,Latin America,Colombia,APC Colombia - Free Zone,Tools for measure Snap Ring groove ID,,Low (5 Working days),Resolved,Yes,"Manufacturing, Assembly, Repair and Test",Inspection / Quality,JUAN CADAVID,JUAN CADAVID,Succeeded,2019-10-29,2019-10-30,2019-10-30,,,,,Please provide the list of tools required to measure the snap ring Groove internal diameter and Groove Depth. This to comply with format QF-093,,
TR-001184-G3X1Y-20191030083156,Africa,Egypt,APC Egypt,lead Gasket Specific torque,,High (1 Working day),Resolved (Automatically),Yes,"Manufacturing, Assembly, Repair and Test",Assembly,Mohamed Barakat,Mohamed Barakat,Noncompliant,2019-10-30,2019-10-31,,,,,,"1- As per the QB-05 the Torque value of D/F Valve is 35 Ft/lbs. and for Vent plugs are is 20 ft./lbs.
2- we observed that at those torques, the lead gasket start to be opened over the Vent plug or the D/F Valve at this specific torque. Please advise.....",,
TR-001185-V3N2K-20191106083156,Middle East,Saudi Arabia,Saudi Aramco,velocity across the Motor,,High (1 Working day),Resolved,Yes,Application Engineering,Design / Optimization,Ali Alolaywat,Ali Alolaywat,Noncompliant,2019-11-06,2026-01-20,2026-01-20,,,,,"the subpump calculate the velocity across the motor without considering the Y-tool, what is the Y-tool effect on the velocity? also what's our limitation on the velocity? minimum and maximum.",,
TR-001186-G9L5W-20191106101531,Middle East,Saudi Arabia,Saudi Aramco,Motor heat distribution with 0.2 ft/s velocity,,High (1 Working day),Resolved,Yes,Application Engineering,Design / Optimization,Ali Alolaywat,Ali Alolaywat,Noncompliant,2019-11-06,2026-01-20,2026-01-20,,,,,I have a design with Aramco for MNIF-320 with velocity around the motor of 0.2 ( as per subpump calculations ). is Y tool completion will be acceptable or we need to have 7 5/8'' POD casing completion? also what will be the thermal distribution on the motor with 0.2 ft/s velocity? ,,
TR-001187-H4M7R-20191109115012,Africa,Egypt,Alkhorayef Peroluim LLC,QARUN Tender Inquiries,,High (1 Working day),Resolved,Yes,"Manufacturing, Assembly, Repair and Test",Inspection / Quality,Mohamed Barakat,Mohamed Barakat,Noncompliant,2019-11-09,2026-03-29,2026-03-29,Engineering clarifications,,,,"1- what the number of generated  Horse power for each rotor (380 & 560) ?
2- what is the dielectric volume for each motor?
3- what is the maximum temperature of motor oil?",,
TR-001188-J6M4V-20191110073254,Africa,Egypt,Alkhorayef Peroluim LLC,NDT for used shafts,,High (1 Working day),Resolved,Yes,Field Service / Rig related,Installation,Mohamed Barakat,Mohamed Barakat,Succeeded,2019-11-10,2026-01-20,2026-01-20,,,,,Can we perform any NDT for repaired shafts. also can we create some inhouse steps as a simulation for NDT of material test?,,
TR-001189-D7F3D-20191111105512,Africa,Egypt,Qarun Company,QARUN Tender Requirments,,High (1 Working day),Resolved (Automatically),Yes,"Manufacturing, Assembly, Repair and Test",Assembly,Mohamed Barakat,Mohamed Barakat,Noncompliant,2019-11-11,2019-11-12,,,,,,"1- what is the number of generated Horse power for each rotor (380 & 560)?
2- what is the dielectric volume for each motor?
3- what is the maximum temperature of motor oil?",,
TR-001190-T2H2Q-20191113124323,Latin America,Colombia,APC Colombia,450 High Efficiency Sander Tools,,Low (5 Working days),Resolved,Yes,"Manufacturing, Assembly, Repair and Test",Tooling and equipment,JUAN CADAVID,JUAN CADAVID,Noncompliant,2019-11-13,2026-03-29,2026-03-29,Engineering clarifications,,,,Please provide the detailed drawings for 450 High Efficiency Series Sander tool. This tool is used after burnishing the stator Internal Diameter. ,,
TR-001191-G5H8R-20191114030020,Latin America,Colombia,APC Colombia - Free Zone,Stator Critical Parts,,Low (5 Working days),Resolved (Automatically),Yes,"Manufacturing, Assembly, Repair and Test",Inspection / Quality,JUAN CADAVID,JUAN CADAVID,Succeeded,2019-11-14,2019-11-17,,,,,,"For Colombia´s Stator Plant Quality Plan it is required:
1. Please provide the list of critical parts from the Stators BOM that should be inspected.
2. please indicate the percentages (samples) that should be inspected for each critical part, for example: Housing full inspection or Lamination 10%, of all lamination.",,
TR-001192-G7S5N-20191115093024,Latin America,Colombia,OCCIDENTAL ANDINA LLC,Seal Configuration for High HP Application,,High (1 Working day),Resolved,Yes,Application Engineering,DIFA,VIVIANA RINCON,VIVIANA RINCON,Succeeded,2019-11-15,2026-01-20,2026-01-20,,,,,"According to the OXY’s contract we must have at least 1000 days of RL but in this case we had a failure with 500 days of RL. In this field (CLM) we have installations with tandem and triple tandem motors up to 1173 HP. We want to be sure of the correct configuration in the protector to install in these applications, since as shown earlier we had a failure because the bags did not support the thermal expansion of the oil and the bags broke. The application had 1018 HP. The seals had this configuration LsBpB-BpBsL the same that we use in all applications in OXY.

In the past we have had the same failures, but in those cases we assembled seals in series and after the changes to parallel bags, we had never seen that kind of failure until now. We want to make sure that we will not have this failure again. Regarding this, I have many questions:

Is it possible to install 3 bags per section in parallel? Can we change the oil used in this high hp applications for # 6? Can we have simulations according your final recommendations to share with the customer for supporting these theories?
",,
TR-001193-S0T5K-20191119080350,Middle East,Saudi Arabia,Saudi Aramco,Sandy Wells,,Medium (3 Working days),Resolved,Yes,Application Engineering,Design / Optimization,Mohammed Eltegani,Mohammed Eltegani,Noncompliant,2019-11-19,2026-01-20,2026-01-20,,,,,"What is the best practice to drain a soft sand accumulated above the pump? Be informed there is no any type of sand management solution installed (Sand guard, AFV ADV …).
Is the bull heading job can remove 80 feet of sand accumulation?
",,
TR-001194-V9J4T-20191126105137,Middle East,Saudi Arabia,Saudi Aramco,start up torque and running torque,,Medium (3 Working days),Resolved,Yes,Application Engineering,APC Equipment,Ali Alolaywat,Ali Alolaywat,Noncompliant,2019-11-26,2026-01-20,2026-01-20,,,,,"what is the difference between the start up torque and running torque, and how much will be for Pump WP-1200 with motor 450 HP in water wells?",,
TR-001195-B4Z7K-20191210074319,Latin America,Colombia,APC Colombia,Stator Assembly drawings,,Low (5 Working days),Resolved (Automatically),Yes,"Manufacturing, Assembly, Repair and Test",Assembly,JUAN CADAVID,JUAN CADAVID,Succeeded,2019-12-10,2019-12-15,,,,,,Procedure SA-WI-MF-045 Rev 5 on Reference Documents calles for ASSEMBLY DRAWING but does not specifies which drawing it is. Please indicate assembly drawings for Stator 450 High Efficiency Series and 560 Series.,,
TR-001196-H3K8Z-20191210075123,Latin America,Colombia,APC Colombia,Lamination Torque Checking,,Medium (3 Working days),Resolved (Automatically),Yes,"Manufacturing, Assembly, Repair and Test",Assembly,JUAN CADAVID,JUAN CADAVID,Succeeded,2019-12-10,2019-12-15,,,,,,"Please provide the information regarding the torque that should be applied to stator after performing the lamination pressing. Please provide control document of table showing the different torque for each Horsepower range for Stators Series 560 and 450 High Efficiency.

Document SA-WI-MF-00045 Rev 3 on step 1.29 calls for the wrong document.
This request was issued on October 22nd on TQ TR-001178-J4J7B-20191023123642.",,
TR-001197-B5J3B-20191217082020,Middle East,Saudi Arabia,Saudi Aramco,startup torque for Pump WP1000,,Medium (3 Working days),Resolved,Yes,Test Category,Test Sub-Category,Ali Alolaywat,Ali Alolaywat,Noncompliant,2019-12-17,2026-03-29,2026-03-29,Engineering clarifications,,,,"what is the startup torque for the pump WP 1000 6 stg which we are using in ABHD WSW if we are using VSD, is it affected by the frequency ? if yes, what will be the startup torque for 45,50,55 frequency?",,
TR-001198-V3L4M-20200108115721,Africa,Egypt,PETROBEL COMPANY,GPX 400 ser Curves and installation procedures,,Critical (6 Hours),Resolved,Yes,Application Engineering,APC Equipment,Ahmed Abdeen,Ahmed Abdeen,Noncompliant,2020-01-08,2026-01-20,2026-01-20,,,,,"this is the first trail of GPX in Egypt operation with Petobel   ,  We don’t have the curve of 400 SER  GPX , also please advise if the GPX installation is the same installation of GPU and the compression pumps or it has different installation procedures  .

",,
TR-001199-Y9B2B-20200114013706,Africa,Egypt,BAPETCO-,EDTA chemical injection,,High (1 Working day),Resolved,Yes,Application Engineering,3rd party products and services,Ragheb Ebrahim,Ragheb Ebrahim,Noncompliant,2020-01-14,2026-01-20,2026-01-20,,,,,"We have been sent the attached EDTA MSDS and we need your support to check if this will be compatible with ESP elastomers or not. if we have any experience with this product or any other similar products.

i am not sure where to attached the sheet but it has already been sent by email yesterday to Wilson and Rami Email address 
",,
TR-001200-Z4T4T-20200115082335,Middle East,Saudi Arabia,Saudi Aramco,Chenical Treatment for ESP wells,,High (1 Working day),Resolved,Yes,Application Engineering,APC Equipment,Mohamed Saeed,Mohamed Saeed,Noncompliant,2020-01-15,2026-01-20,2026-01-20,,,,,"Requested from Customer.

Documentation or limitations we have regarding APC ESPs when exposed to acid.
The main things this information should include are:
-	Acid types allowed.
-	Concentration limits.
-	Maximum allowable exposure times to tolerable acids and concentrations.
-      Pressure limitations.

",,
TR-001201-K3R2W-20200117041000,Latin America,Colombia,Ecopetrol,Rigless ESP Installation - Alkhorayef alternatives,,Medium (3 Working days),Resolved (Automatically),Yes,Application Engineering,APC Equipment,SEBASTIAN IZQUIERDO,SEBASTIAN IZQUIERDO,Noncompliant,2020-01-17,2020-02-13,,,,,,"Ecopetrol is asking for techniques or alternatives for rigless ESP installation by example coiled tubing.
",,
TR-001202-R8X2R-20200127102942,Kuwait,Kuwait,KOC-APC Kuwait,Shaft rotational torque criteria while inspection.,,Medium (3 Working days),Resolved (Automatically),Yes,"Manufacturing, Assembly, Repair and Test",Inspection / Quality,Mohammed Al - Jaberi,Mohammed Al - Jaberi,Noncompliant,2020-01-27,2020-02-04,,,,,,"What is the maximum acceptable shaft torque while physically inspecting equipment using a hand rotator, this information is required in ADEPT but i cannot find any reference to it.",,
TR-001203-T4G6N-20200129111240,Latin America,Colombia,Alkhorayef Petroleum Colombia,Magnet Wire Joint,,High (1 Working day),Resolved (Automatically),Yes,"Manufacturing, Assembly, Repair and Test",Assembly,JUAN CADAVID,JUAN CADAVID,Noncompliant,2020-01-29,2020-02-02,,,,,,"For winding process, I would like to know the following:

1. Please inform the location where magnet wire splices should be located inside the stator? Does splices of Magnet wire should be in the winding loop or should be installed inside the slots? Please advice.

2. In case of two splices required in two diferent phases of the estator, where should be the splices located? In the same loop? Splices should  be a certain distance between each other? ",,
TR-001204-X0V1J-20200130090459,Latin America,Colombia,Ecopetrol,"Change Management, MLE Plug-In, Installation Procedure",,Medium (3 Working days),Resolved (Automatically),Yes,Field Service / Rig related,Installation,Rogelio Villasenor,Rogelio Villasenor,Noncompliant,2020-01-30,2020-02-26,,,,,,"Change Management, MLE Plug-In, Installation Procedure is required.
Doubts related to:
Institutional Procedure
O-rings Numbers & Type
Screw torque
etc.
Share procedure shortly, as there are upcoming installation services.",,
TR-001205-Y3W5R-20200130091713,Latin America,Colombia,Ecopetrol,"Change Management, MLE Plug-In, Test Procedure is required.",,Medium (3 Working days),Resolved (Automatically),Yes,"Manufacturing, Assembly, Repair and Test",Test,Rogelio Villasenor,Rogelio Villasenor,Succeeded,2020-01-30,2020-02-02,,,,,,"Change Management, MLE Plug-In, Test Procedure is required.
Doubts related to:
Test procedure and prior enlistment workshop ESP (electrical, mechanical and Tightness in APC Operational Base)

Share test procedure as soon as possible, since there are nearby facilities.",,
TR-001206-V8J2D-20200203023157,Africa,Congo,Eni Congo S.A.,Stress Analysis and DLS,,High (1 Working day),Resolved,Yes,Application Engineering,Design / Optimization,Ali Mohammed,Ali Mohammed,Noncompliant,2020-02-03,2026-01-20,2026-01-20,,,,,Need Stress analysis for an offshore well Design AWA-104 ,,
TR-001207-G8B2V-20200203050834,Latin America,Colombia,Ecopetrol,Proseal 3 chamberes LsLsL,,High (1 Working day),Resolved (Automatically),Yes,Application Engineering,Design / Optimization,SEBASTIAN IZQUIERDO,SEBASTIAN IZQUIERDO,Noncompliant,2020-02-03,2020-02-13,,,,,,"We are going to run CH-96 again. As you probably know this is part of the secondary recovery of PIAR in chichimene.  

Previous run failed due to broken shaft at proseal and during the tear down all bags were found exploded. In that time we use standard configuration, so we want to know if we have alternatives for a different type of seal. 

We have found this PN 11201-1202-00001068372 very similar to what we need however is currently obsolete. 

Can you help me to provide if there is an upgrade of this PN? or if we have other options?

This is the system we are going to run:
W1500HV 136 stg FULL AR UHSS CSHB
GPXD-40 FULL AR UHSS CSHB
TANDEM GAS SEPARATOR FH UHSS SSHB
PROSEAL LsLsL AR HL UHSS FH SSHB (If we find a PN)
PROSEAL BpBsL AR HL UHSS FH SSHB
MOTOR 287HP/92.6 A - UMHB ILEAD
ZENITH E7 SENSOR
ODESSA GAS SEPARATOR

Thanks and regards,

",,
TR-001208-M9L4R-20200205042554,Latin America,Colombia,APC Colombia - Free Zone,"TEST VOLTAGES FOR HIPOT, P.I. AND SURGE TESTING",,Medium (3 Working days),Resolved (Automatically),Yes,"Manufacturing, Assembly, Repair and Test",Test,JOSE AVENDANO,JOSE AVENDANO,Succeeded,2020-02-05,2020-02-06,,,,,,"Review the VDC to be applied during motor testing procedure.  
QAITI011 Rev.6:  Procedure indicates to apply 11000 VDC for all new motors and 9000 VDC for all repaired motors.
QAITI011 Rev.6:   Procedure indicates to apply the following formula:
New Motors : (2xMotor Nameplate Voltage+1000)x1.7
Repaired Motors: (2xMotor Nameplate Voltage+1000)x1.2
For instance, for the motor 120 HP/1625V/46 A to be repaired:
•	QAITI011 Rev.6 :  Test Voltage to apply must be 9000 VDC
•	QAITI011 Rev.5 :  Test Voltage to apply must be 5100 VDC
•	The difference is 3900 VDC or 76,4% or VDC more , this could cause damage.


",,
TR-001209-N1V1L-20200210040421,Latin America,Colombia,APC Colombia - Free Zone,Varnish in liquid state after varnish curing time,,Medium (3 Working days),Resolved (Automatically),Yes,"Manufacturing, Assembly, Repair and Test",Assembly,JUAN CADAVID,JUAN CADAVID,Noncompliant,2020-02-10,2020-03-08,,,,,,"Stator assembly as per FZ-402823 was varnished and cured as per SA-WI-MF-00045. Preheat at 120°F and cured first coat at 325°F during 4 hours injectin varnish from Head and 325°F during 8 hours injecting varnish from Bottom side.
After removing tools and after 2 days after cleaning and installation of lead wire the technician observed that the varnish was leaking in the bottom side between housing and Nomex Paper. Varnish leaked like a gum ( high viscosity).

Please advice on how to proceed?

Answering your question:
1. Varnish procedure was followed as per procedure. We have observed higher cooling times from 350°F to 120°F. Which are taking 4 hours or more without the termal blankets.
2. The gum tendency in the varnish was observed in two stators.
",,
TR-001210-R5D1N-20200210053807,Latin America,Colombia,APC Colombia,Update BOM for PN 11201-0902-00001067152,,Low (5 Working days),Resolved,Yes,"Manufacturing, Assembly, Repair and Test",Assembly,JUAN CADAVID,Mohamed Kamel,Succeeded,2020-02-10,2020-02-16,,Engineering clarifications,,,,"Please update BOM of Stator PN 11201-0902-00001067152 (XT1 287 HP 1860 V). Ítems to review and update if applicable:
11101-1101-00000087027 - Nomex Paper - Total of 2 Ft.
11101-1101-00000087043 - Tubing for Thermocuple - Total of 6 Ft.
11101-1101-00000087047 - Lead Wire - Total of 16 Ft ",,
TR-001211-S1Q9H-20200210103013,Latin America,Colombia,APC Colombia - Free Zone,Update BOM PN 11201-0902-00001068414,,Low (5 Working days),Resolved (Automatically),Yes,"Manufacturing, Assembly, Repair and Test",Assembly,JUAN CADAVID,JUAN CADAVID,Noncompliant,2020-02-10,2020-02-18,,,,,,"Please review and update the quantity of Magnet Wire required for the assembly of Stator PN 11201-0902-00001068414. (XT1 560 Serie 287 HP 3344 V).

As per drawing DM-M8003 Rev 3 Magnet wire lenght per phase is of 1298 FT, however, during assembly we observed that a lenght of 32 ft of wire remains per phase after completing the winding process. This results in 96 ft of scrap magnet wire.

By adjusting this we can have a saving of around 1% on Stator value.

",,
TR-001212-F7J5J-20200212064824,Latin America,Colombia,Ecopetrol,Oil heater,,Low (5 Working days),Resolved,Yes,Application Engineering,3rd party products and services,SEBASTIAN IZQUIERDO,SEBASTIAN IZQUIERDO,Succeeded,2020-02-12,2026-01-20,2026-01-20,,,,,Do we have some kind of equipment for downhole oil heating?,,
TR-001213-T7R8T-20200213114122,Africa,Congo,Eni Congo S.A.,Shroud 5.5 EUE torquing,,Critical (6 Hours),Resolved (Automatically),Yes,Application Engineering,APC Equipment,Ali Mohammed,Ali Mohammed,Succeeded,2020-02-13,2020-02-13,,,,,,"We are using a shroud for the first time in Congo. It is  5.5 shroud EUE thread of three pieces with collar on head . We need to know the torquing value for installation. ENI Rig team needs this information 
 1 m shroud hanger
6m shroud tube +6m shroud tube",,
TR-001214-Z2K2K-20200214043451,Latin America,Colombia,Ecopetrol,CABLE ROUND #1 SPECIFICATIONS,,Medium (3 Working days),Resolved,Yes,Application Engineering,3rd party products and services,Yulieth Barragan,Yulieth Barragan,Noncompliant,2020-02-14,2026-01-20,2026-01-20,,,,,"Dear All,

Could you please help me to solve the following questions related with the cable specified in the attachment:

1.	What is the insulation level of this cable?. Customer requires 133%.
2.	Do this cable complies with standards ASTM B3 and ASTM B8 for copper conductors?

Thanks and best regards,",,
TR-001215-T9B3Z-20200216010637,Middle East,Saudi Arabia,Saudi Aramco,"I-Lead , V1 Installation procedures",,High (1 Working day),Resolved,Yes,Field Service / Rig related,Installation,Mohamed Saeed,Mohamed Saeed,Noncompliant,2020-02-16,2020-02-26,2020-02-26,,,,,I-Lead V1 Installation procedures,,
TR-001216-L6N6X-20200217053307,Latin America,Colombia,APC Colombia - Free Zone,Deviation of Snap Ring and End Rings installation on HEAD for 560 Series 287 HP,,Low (5 Working days),Resolved,Yes,"Manufacturing, Assembly, Repair and Test",Assembly,JUAN CADAVID,JUAN CADAVID,Succeeded,2020-02-17,2020-02-24,2020-02-24,,,,,"During assembly process of Stators 560 Series of 287 HP we would like to request authorization to install the End Ring and Snap Ring on the Head of the housing before inserting lamination on Housing.
This request is made to the fact that there is approximatly 2 meters of mandrel leght that exceed the lamination and difficults the installation of the Snap Ring and End Ring inside the housing.",,
TR-001217-G2P2V-20200304092417,Africa,Congo,Eni Congo S.A.,MBD-1706 Design with sand history  problem,,Critical (6 Hours),Resolved (Automatically),Yes,Application Engineering,Design / Optimization,Ali Mohammed,Ali Mohammed,Noncompliant,2020-03-04,2020-03-05,,,,,,"Eni requested a design for an onshore well with sand problems history. It was run twice by Borets with the following run lives: 
1-	First installation : ~800 days 
2-	Second installation : 276 days 

In both cases the well was plugged with sand , however, no treatment was done in the last run. Actually our crew did the pullout after the last failure in 2015 and Eni decided to abandon the well since there was no treatment programmed for the well and no sand screens available. 

 This time the WO programme is as follows: 

•	Control well as per DIFO procedures
•	POOH killing string.
•	Clean well down to top of lower completion.
•	CT wash sand inside lower completion and front of perforation interval 
•	Perform Acid stimulation with CT
•	RIH with Sand control system (Stand-Alone screen as done in MBD-403)
•	RIH with ESP

I requested some more info like  sand samples etc but not available. I was only provided with the datasheet of the sand screen (attached). 

My concern is that with this incentive contract , it looks like there is a risk of not plugging during the warranty period (730 days). There is no solid data at hand to evaluate that risk , Eni believes that the proposed WO programme and sand screen can help prolong the run life. 

I need your help and input on this.

",,
TR-001218-Z6N1S-20200304051944,Latin America,Colombia,APC Colombia - Free Zone,Snap ring groove vs snap ring dimension,,Medium (3 Working days),Resolved,Yes,"Manufacturing, Assembly, Repair and Test",Inspection / Quality,JUAN CADAVID,JUAN CADAVID,Succeeded,2020-03-04,2020-03-05,,,,,,"Drawing DM-M8002 rev C states that the measurement of the Snap RIng for a 560 Series Stator is of 0.318"". Drawing states ""UNLESS OTHERWISE SPECIFIED"" to use some tolerances as ""X.XXX +/- 0.005"" 
Drawing DN-00001410 Rev B states that SNAP RING should have a width of 0.315, also, drawing states ""UNLESS OTHERWISE SPECIFIED"" to use some tolerances for three digits number ""X.XXX +/- 0.005""
Due to the above we have found Housings with Snap Ring Groove and Snap Ring within tolerance but when doing assembly the pieces does not match due to lack of Cleareance tolerance, therefore, it is required to update the drawings or to provide an instruction on how to proceed with the tolerances of both elements.

Summary
Housing Snap Ring Groove could go from 0.323 and 0.313. 
Snap ring width could go from 0.32 and 0,31
In case Groove size is in the lower limit and the Snap ring in the Upper limit the pieces does not match.

 
",,
TR-001219-C7Q1Y-20200306064445,Latin America,Colombia,APC Ecuador,Option to extend thermocouple,,High (1 Working day),Resolved (Automatically),Yes,"Manufacturing, Assembly, Repair and Test",Repair,JUAN CADAVID,JUAN CADAVID,Succeeded,2020-03-06,2020-03-08,,,,,,"A recovered stator Serie 450 High efficiency 120 HP is inspected to be issued to the field. When installing the base adapter the thermocuple is extending 2 inches out of the base adapter (see pictures).

We would like to request approval for a deviation to make a joint on the thermocouple, using soldering and wrapping the joint with Hi Temp Tape and using a tubing sleeve to protect the joint. 
Please advice.",,
TR-001220-Z2Z5K-20200323062449,Middle East,Saudi Arabia,Saudi Aramco,Inquiry By The Client (Saudi Aramco),,High (1 Working day),Resolved (Automatically),Yes,Application Engineering,APC Equipment,Hani Yassin,Hani Yassin,Noncompliant,2020-03-23,2020-09-01,,,,,,"What’s the average or maximum differential pressure between the inside and the outside, of the motor and of the protector?",,
TR-001221-F1F7M-20200330093553,Middle East,Iraq,Lukoil Mid-East Limited,Erosion/Corrosion in LukOil Wells,,Medium (3 Working days),Resolved,Yes,Application Engineering,3rd party products and services,Mohammed Eltegani,Mohammed Eltegani,Noncompliant,2020-03-30,2026-01-20,2026-01-20,,,,,"For LukOil wells, the pump discharge head is 7"" LTC (for the pumps WN950 and WM862) and the pressure discharge sub connection is 4.5"" EUE so there is X-over in between.
We need to confirm the erosion effect in this X-over (4.5"" connection as the ID is only 3.95 inch).
What is the maximum velocity/pump rate so the X-over will not affected? Is this rate can meet LukOil requirement of 3000 m3/d.
Also need to confirm if the X-over material (AISI4140) is applicable for water well application.
",,
TR-001222-P4Q6B-200422,Latin America,Colombia,Alkhorayef Petroleum Co. Branch Free Zone,Storage of Assembled Stators,,Low (5 Working days),Resolved (Automatically),Yes,"Manufacturing, Assembly, Repair and Test",Assembly,JUAN CADAVID,JUAN CADAVID,Succeeded,2020-04-22,2020-04-23,,,,,,Please provide the procedure or recommendations that should be follow in order to Storage Assembled Stators to avoid entrance of humidity to the stator and to prevent from rust. Thanks.,,
TR-001223-T0C7X-200504,Middle East,Saudi Arabia,Saudi Aramco,Motor de-ration to smaller HP,,High (1 Working day),Resolved,Yes,Application Engineering,Design / Optimization,Mohamed Saeed,Mohamed Saeed,Noncompliant,2020-05-04,2020-05-06,2020-05-06,,,,,Motor : 235 HP/2428 V/57.8 A .. Due to UL condition. We need to be de-rated to 85% to 200 HP .... Is there a technical bulletin/document we can use?,,
TR-001224-X4N8Y-200518,Middle East,Saudi Arabia,Saudi Aramco,Induction Motor Protection limitation,,High (1 Working day),Resolved,Yes,Field Service / Rig related,Troubleshooting,Mohamed Saeed,Mohamed Saeed,Succeeded,2020-05-18,2026-01-20,2026-01-20,,,,,-	What is the limitation in the percentage (from the nameplate) of induction motor protection in voltage terms (Over Voltage/under voltage)?,,
TR-001225-C5Q0Y-200611,Latin America,Colombia,APC Colombia - Free Zone,Finished Stator External Painting requirements,,Low (5 Working days),Resolved (Automatically),Yes,"Manufacturing, Assembly, Repair and Test",Assembly,JUAN CADAVID,JUAN CADAVID,Succeeded,2020-06-11,2020-06-14,,,,,,"Please indicate the procedure code, that establish the surface preparation and painting requirements to apply painting for brand new finished stators for both type of housing materials (CS and FH).

Thanks.",,
TR-001226-F6H8F-200615,Middle East,Saudi Arabia,Saudi Aramco,Dual ESP switching criteria,,Low (5 Working days),Resolved,Yes,Field Service / Rig related,Commissioning,Mohamed Saeed,Mohamed Saeed,Succeeded,2020-06-15,2026-01-20,2026-01-20,,,,,"The practice on-going now for dual ESPs is to switch between the two ESPs every year. Now the client is thinking switching is not necessary and a better approach is to start one until fails. 

Do we have a clear technical guide line on this? from technical point of view, do you prefer to switch the dual ESPs periodically or keep one running until fails? Thanks, 
",,
TR-001227-N6X8P-200616,Middle East,Saudi Arabia,Saudi Aramco - Abu Saafa Oil Well MMF (ABSF),PM for Surface equipment,,Low (5 Working days),Resolved,Yes,Field Service / Rig related,Commissioning,Mohamed Saeed,Mohamed Saeed,Succeeded,2020-06-16,2026-01-20,2026-01-20,,,,,Client wants to know if APC has a procedure/guideline for surface equipment PM.,,
TR-001228-N6B5Z-200617,Middle East,Saudi Arabia,Saudi Aramco,SE Perventive Maintinance Plan,,Low (5 Working days),Resolved,Yes,Field Service / Rig related,Commissioning,Mohamed Saeed,Mohamed Saeed,Succeeded,2020-06-17,2020-06-17,2020-06-17,,,,,Client wants to know if APC has a procedure/guideline for surface equipment PM.,,
TR-001229-G9Y2R-200617,Middle East,Saudi Arabia,Saudi Aramco - Abu Saafa Oil Well MMF (ABSF),Daul ESP switch proceudre,,Low (5 Working days),Resolved,Yes,Field Service / Rig related,Commissioning,Mohamed Saeed,Mohamed Saeed,Succeeded,2020-06-17,2020-06-17,2020-06-17,,,,,"The practice on-going now for dual ESPs is to switch between the two ESPs every year. Now the client is thinking switching is not necessary and a better approach is to start one until fails. 

Do we have a clear technical guide line on this? from technical point of view, do you prefer to switch the dual ESPs periodically or keep one running until fails? Thanks, 
",,
TR-001230-M9G4N-200617,Africa,Egypt,BAPETCO-,High HP motor Technical Data,,Medium (3 Working days),Resolved (Automatically),Yes,Application Engineering,APC Equipment,Ragheb Ebrahim,Ragheb Ebrahim,Succeeded,2020-06-17,2020-06-18,,,,,,"We need to know de-rating, derating factors/HP for the high HP motors? also do we have any TB for this type of motor ",,
TR-001231-Q2D9B-200702,Middle East,Saudi Arabia,Aramco - HRML water wells project,HRML-824 Chemical injection compatibility with APC ESP,,Medium (3 Working days),Resolved,Need more information,Application Engineering,APC Equipment,Mohamed Hasan,Mohamed Hasan,Canceled,2020-07-02,,2020-07-19,,,,,"Aramco is looking for chemical injection into HRML-824 (Water well) reservoir, we need to check the compatibility of the chemical injection fluid and operational pressure/flow rate with APC ESP downhole equipment that will be installed, this is a new well that is still not equipped with ESP. ESP design, chemical injection program and schematic have been shared by e-mail with Tech Hub engineer.",,
TR-001232-K0P6M-200711,Middle East,Saudi Arabia,Saudi Aramco,Inquiry Sent by Aramco,,High (1 Working day),Resolved,Yes,Application Engineering,APC Equipment,Hani Yassin,Hani Yassin,Succeeded,2020-07-11,2026-01-20,2026-01-20,,,,,"One of Aramco engineers asks a question, What is the volume capacity of APC pumps e.g WE7000/82 STG pump?
For more clarification, if we need to fill the pump stages with fluid, How much volume will take?",,
TR-001233-W6T4P-200715,Latin America,Colombia,APC Colombia - Free Zone,Electrical Impedance of Stator PN 1011311,,Medium (3 Working days),Resolved (Automatically),Yes,"Manufacturing, Assembly, Repair and Test",Test,JUAN CADAVID,JUAN CADAVID,Succeeded,2020-07-15,2020-07-16,,,,,,"As part of a warranty requested for a BAKER AWA, surge Test is not reaching the 11.000 VDC for stators that demand this rating for testings.

We need to know the total inductance and the inductance per phase of Stator PN 1011311 (390 HP, 3685 V, 64 Amps).

This request is Medium priority because this informationwas requested initially by email on June 16th and no answer has been obtain.
",,
TR-001236-G2W2B-200726,Africa,Egypt,BAPETCO-,High HP motor Technical Data,,Medium (3 Working days),Resolved (Automatically),Yes,Application Engineering,APC Equipment,Ragheb Ebrahim,Ragheb Ebrahim,Succeeded,2020-07-26,2020-07-29,,,,,,"Can we re-rate high HP motors to higher HP? what's the max running temperature? is this high HP compared to XT3 motors of the current motors? 
also when is the de-rating, re-rating tools is going to be ready ",,
TR-001237-T5D3W-200727,Middle East,Saudi Arabia,Saudi Aramco - Abu Saafa Oil Well MMF (ABSF),power factor curves,,Medium (3 Working days),Resolved,Yes,Application Engineering,APC Equipment,Ali Alolaywat,Ali Alolaywat,Succeeded,2020-07-27,2020-07-29,2020-07-29,,,,,Does APC have curves for power factor and efficiency Vs motor load for the motors?,,
TR-001238-B7F6H-200729,Middle East,Saudi Arabia,Saudi Aramco - Abu Saafa Oil Well MMF (ABSF),pumping acid to open hole through the ESP,,Critical (6 Hours),Resolved (Automatically),Yes,Application Engineering,APC Equipment,Ali Alolaywat,Ali Alolaywat,Noncompliant,2020-07-29,2020-07-30,,,,,,"There is a plan to pump the below including the acid through the our pump for stimulation for the well, do we have any limit or it’s OK?
1.	Pump 10 bls preflush
2.	Pump 20 bls displacement-water
3.	Pump 20 bls 15% HCl
4.	Pump 210 bls Displacement –water (calculate volume to displace acid to the open hole)",,
TR-001239-J6P5L-200824,Latin America,Colombia,Ecopetrol,Complementary technologies for ESP operations,,Low (5 Working days),Resolved (Automatically),Yes,Application Engineering,3rd party products and services,SEBASTIAN IZQUIERDO,SEBASTIAN IZQUIERDO,Noncompliant,2020-08-24,2020-09-20,,,,,,"Ecopetrol is requesting a presentation about the following thematics: 
•	Sand control tools for ESP operation. 
•	Magnetic treatment for TSP and parafines. 
•	Continuous downhole wireless surveillance.

Do you have something? 
",,
TR-001240-B3N4N-200824,Latin America,Colombia,Ecopetrol,Installation of different configurations for gas separation,,Low (5 Working days),Resolved (Automatically),Yes,Application Engineering,APC Equipment,SEBASTIAN IZQUIERDO,SEBASTIAN IZQUIERDO,Noncompliant,2020-08-24,2020-09-20,,,,,,"Competitors are offering different alternatives for gas handling including:

1. Two standard gas separator installed in series
2. Two or more Gas processing units installed in series
3. The combination of items 1 and 2.",,
TR-001241-P7Z9Y-200901,Middle East,Saudi Arabia,Saudi Aramco,Motor Acceleration Time,,High (1 Working day),Resolved (Automatically),Yes,Application Engineering,APC Equipment,Hani Yassin,Hani Yassin,Noncompliant,2020-09-01,2020-09-10,,,,,,"we need to calculate the acceleration time for the below system,
Motor: 550 Series, XT1, UT, 200 HP/2140 V/54 A
Pump: WJ12000 / 20 STG
Intake setting depth: 720 ft
Similar to the below,
Anticipated acceleration time/stall time = (< 1SEC)
Allowable acceleration time/stall time = (< 3 SEC)
",,
TR-001242-B8G4K-200909,Middle East,Saudi Arabia,Saudi Aramco,Under Voltage protection,,High (1 Working day),Resolved,Yes,Field Service / Rig related,Commissioning,Mohamed Saeed,Mohamed Saeed,Succeeded,2020-09-09,2020-09-09,2020-09-10,,,,,"What is the minimum percentage of under-voltage protection for our induction motor. We are usually putting the under-voltage set point -15% from nameplate voltage.
Aramco approaches us to go lower than -15%, and for sure, the Under voltage will affect our motor because the motor will consume the power needed by pulling high amps. So please support us with official documentation that can help us to decide on that.
",,
TR-001243-T5C6D-200910,Middle East,Saudi Arabia,Saudi Aramco,ESP Under-Voltage set point,,High (1 Working day),Resolved (Automatically),Yes,Application Engineering,Design / Optimization,Mohamed Saeed,Mohamed Saeed,Succeeded,2020-09-10,2020-09-10,,,,,,"What is the minimum percentage of under-voltage protection for our induction motor. We are usually putting the under-voltage set point -15% from nameplate voltage.
Aramco approaches us to go lower than -15%, and for sure, the Under voltage will affect our motor because the motor will consume the power needed by pulling high amps. So please support us with official documentation that can help us to decide on that.",,
TR-001244-N4B9Q-200920,Middle East,Saudi Arabia,Saudi Aramco,Cooling for motor,,High (1 Working day),Resolved,Yes,Application Engineering,Design / Optimization,Ali Alolaywat,Ali Alolaywat,Succeeded,2020-09-20,2020-09-20,2020-09-20,,,,,"how can we identify if the cooling is enough for the motor when we have velocity less than 1 ft/s ?
I have a design with low flow rate and I want to know if the cooling for the motor will be good so the motor temperature will be less than 300.
Subpump showing motor winding temperature showing 233.47 F @ minimum frequency with 0.437 ft/s velocity around the motor. 
I calculated the velocity with Y tool application and I have the velocity will be 0.53 ft/s which will be better for the cooling as well.",,
TR-001245-D7Q3L-201004,Africa,Egypt,PETROZNIMA COMPANY,heavy oil Wells applications,,High (1 Working day),Resolved (Automatically),Yes,Application Engineering,Design / Optimization,Ahmed Abdeen,Ahmed Abdeen,Succeeded,2020-10-04,2020-10-05,,,,,,"We awreded new will with one of new client well MUZHIL-3B it is Heavy oil well with API 11 ,for the Oil Viscosity 20 to 25 cp at 5500 psi , and 235 F. all data was sent , looking for your recommendation if we can install ESP in this case if yes ,need your advises and recommendation . ",,
TR-001246-D8H4C-201011,Africa,Egypt,Qarun,Maximum Flow Speed around the motor,,Medium (3 Working days),Resolved (Automatically),Yes,Application Engineering,APC Equipment,Ragheb Ebrahim,Ragheb Ebrahim,Succeeded,2020-10-11,2020-10-12,,,,,,"We have a technical clarification from client requesting what's the maximum flow speed around the motor. We have replied with if this is meant to ensure proper motor cooling around the motor ....etc... 
They replied back with ""APC to provide the maximum allowable critical fluid velocity round the motor for all motor types and series not the minimum.",,
TR-001247-S4G1G-201019,Middle East,Saudi Arabia,Saudi Aramco - Abu Saafa Oil Well MMF (ABSF),low flow rate case,,Critical (6 Hours),Resolved,Yes,Application Engineering,Design / Optimization,Ali Alolaywat,Ali Alolaywat,Noncompliant,2020-10-19,2026-03-29,2026-03-29,Engineering clarifications,,,,"we have a case in ABSF field with ESP with low flow rate, below summary of the case:
* pump: WG4000/79 stg.
* Motor: 157 HP/ 3043V / 30.7A.

on 24 Aug, we noticed there were an issue with amps of the motor as the deadhead amps were higher than the running amps. the issue was discussed with Eng. Rami and suspect an issue with the thrust washer causing a metal to metal friction while deadheading.

after that the well was running with stable behavior and inside the pump curve, then Aramco reported low flow from this well.( well has history of choke issue ).  visited the well and found the performance stable.

after that the well tripped on high motor temperature, did analysis to the trip and Pd was lost during the troubleshooting, increased frequency to have more cooling for the motor

agreed with Aramco on the below plan:
-	As there is flowing issue, we need to eliminate the surface problems by performing the below:
o	Exercise the SSSV. 
o	Fix the choke issue.
o	Make sure the MPFM is working OK by testing it from another well.
o	Confirm all surface gauges are calibrated specially US and DS.
-	After confirming the surface all OK, start the well on deadhead then open the choke slowly and confirm all parameters.
-	Monitor the TCA.
-	Monitor WHP, intake pressure, motor temperature and surface rate from MPFM.
 
the team visited the well with AFS to do the action plan, AFS check all valves, TCA pressure was stable and we have high WHP and also did exercise the SSSV.
increased the frequency to 65 then to 70 and notice a little bit decrease on intake pressure and motor temperature with little increase in wellhead pressure.

note: full details of the case is sent by email.",,
TR-001248-M7D5Z-201019,Middle East,Saudi Arabia,"SFNY,MRJN,MNF,ABSF",ESP not performing,,High (1 Working day),Resolved (Automatically),Yes,Application Engineering,Design / Optimization,Abdullatif Aljohani,Abdullatif Aljohani,Noncompliant,2020-10-19,2020-11-01,,,,,,"SFNY-167 is not performing (No flow-Avg amps- Low WHP)

Motor: 157 HP/38.9A/2,433V
Pump: WE5500/48 Stg

This well was running ok until tripped due to over volt and under current on the same time, when we changed the rotation or close the choke no build up WHP and when open the choke no flow on surface. 
we ran the ESP at different Hz and different choke settings including closed choke and we got no response from ESP. 
Wireline confirmed no issue with SSSV. 
all details were sent by email.
",,
TR-001249-L2F1Q-201105,Middle East,Saudi Arabia,Saudi Aramco - Abu Saafa Oil Well MMF (ABSF),Pumping acidic Brine on ESP pullout,,High (1 Working day),Resolved,Yes,Field Service / Rig related,Pulling,Ali Alolaywat,Ali Alolaywat,Noncompliant,2020-11-05,2026-01-20,2026-01-20,,,,,"I have  a case were Aramco requested to pump acidic brine (total volume of 170bbl 5% HCl acidic brine).
It will be pumped through the TCA, the ESP is failed mechanically and will have DIFA on it. 

Is there any issue of pumping the acidic brine?",,
TR-001250-M1H7Y-201119,Middle East,Saudi Arabia,Saudi Aramco,Inquiry Raised By Saudi Aramco,,High (1 Working day),Resolved,Yes,Application Engineering,APC Equipment,Hani Yassin,Hani Yassin,Noncompliant,2020-11-19,2026-01-20,2026-01-20,,,,,"We need to place an order for a pump with CS housing and SST410H&B, Aramco sent us the below inquiry, 

Since SS and CS are very dissimilar materials in the galvanic compatibility chart, can APC’s engineering team confirm that this pump won’t be a problem for the rest of the equipment in terms of galvanic corrosion and why not?
",,
TR-001251-Y5W1N-201202,Middle East,Saudi Arabia,ADNOC,SubPump design issue,,High (1 Working day),Resolved (Automatically),Yes,Application Engineering,Design / Optimization,Abdullatif Aljohani,Abdullatif Aljohani,Noncompliant,2020-12-02,2020-12-06,,,,,,Designing an ESP with gas handler in Subpump   ,,
TR-001252-K9T1K-201203,Middle East,Saudi Arabia,ADNOC,Stress analysis,,Critical (6 Hours),Resolved,Yes,Application Engineering,Design / Optimization,Abdullatif Aljohani,Abdullatif Aljohani,Succeeded,2020-12-03,2026-01-20,2026-01-20,,,,,Stress analysis is needed for XN-013 design. schematic and DV survey are sent in the email ,,
TR-001253-Q4J4X-201206,Middle East,Saudi Arabia,ADNOC,Stress analysis,,Critical (6 Hours),Resolved,Yes,Application Engineering,Design / Optimization,Abdullatif Aljohani,Abdullatif Aljohani,Noncompliant,2020-12-06,2026-01-20,2026-01-20,,,,,Stress analysis is needed for XN-013 design. schematic and DV survey are sent in the email ,,
TR-001254-S0M3P-210112,Latin America,Colombia,APC Colombia,Part Number with wrong description,,Low (5 Working days),Resolved (Automatically),Yes,"Manufacturing, Assembly, Repair and Test",Assembly,JUAN CADAVID,JUAN CADAVID,Succeeded,2021-01-12,2021-01-13,,,,,,"Please check the description (configuration) of PROSEAL Part Number 11201-1202-00001600151 in Oracle which indicates it is a SPECTRUM, PROTECTOR, 400 SERIES, LSBSB, HL, AR, HS, FH, SSHB, however, according to Engineering Part Number list the description should be PROSEAL,400 SERIES,LSBPB,HL,HSS,FH,SSHB410,AFLAS.
",,
TR-001255-V4Q0N-210112,Latin America,Colombia,APC Colombia - Free Zone,WE1500 H #150 Assembly Issue,,Medium (3 Working days),Resolved (Automatically),Yes,"Manufacturing, Assembly, Repair and Test",Assembly,JUAN CADAVID,JUAN CADAVID,Succeeded,2021-01-12,2021-01-13,,,,,,"During assembly of Pump WE1500H #150, PN 11201-1002-00001068802, after applying the compression factor 0.003"" per stage (total 0,312""), as per Technical Bulletin issued on December 1st 2020, the shaft has restricted axial play and shaft rotation cannot being done by hand.
The equipment was disassembled and the set composed of diffuser, sleeve and impeller were selected and tested to verify that each set were rotating freely, however, the problem resumes.

Shorter pumps WE1500H #100 do not present this type of problems.

Can you please advice how to proceed to solve this issue?",,
TR-001256-D3Y8N-210124,Africa,Egypt,BAPETCO-,Midjoint CCCP,,Medium (3 Working days),Resolved (Automatically),Yes,Application Engineering,APC Equipment,Hany Eltantawy,Hany Eltantawy,Succeeded,2021-01-24,2021-01-25,,,,,,"Our client wants to install Midjoint CCCP for better cable protection during RIH, however, we had a DIFA case where the CCCP has on the tubing collar has moved and was only stopped by the tubing upset.

So can you share your experience on installing mid-joint X-coupling in APC global locations?
 Is there risk of displacement and cable damage?",,
TR-001257-M0Z9Y-210202,Latin America,Colombia,APC Colombia - Free Zone,Update BOM,,Low (5 Working days),Resolved (Automatically),Yes,"Manufacturing, Assembly, Repair and Test",Assembly,JUAN CADAVID,JUAN CADAVID,Succeeded,2021-02-02,2021-02-09,,,,,,"Please update the BOM of PN 11201-1002-00001068801 for the SPECTRUM, PUMP, WE1500H, N, #100 HSG, 68 STG, FLT, FULL AR, UHS, CH, CSHB.
Component 11101-1001-00000037220 KEY STOCK, 0.063 SQ.IN, MONEL K500 should be reviewed and updated from 4 in to 180 in.
Please review",,
TR-001258-W5Y9Q-210211,Latin America,Colombia,APC Colombia - Free Zone,Adjust Proseal PN description,,Low (5 Working days),Resolved (Automatically),Yes,"Manufacturing, Assembly, Repair and Test",Assembly,JUAN CADAVID,JUAN CADAVID,Succeeded,2021-02-11,2021-02-14,,,,,,"Please adjust the PN description of proseal 11201-1202-00001069002. The description do not show the type of adapter used in the Base. Description should be PROSEAL, 400 SERIES, BPBSL, HL, UHSS, FH, SSHB, AFLAS, 400 SEAL TO 375 MOTOR as per the materials stated in the BOM.

",,
TR-001259-X3Q6G-210211,Latin America,Colombia,APC Colombia,Adjust Proseal PN Description 00001067239,,Low (5 Working days),Resolved (Automatically),Yes,"Manufacturing, Assembly, Repair and Test",Assembly,JUAN CADAVID,JUAN CADAVID,Succeeded,2021-02-11,2021-02-14,,,,,,"Please adjust the configuration of the proseal PN 1067239 in Oracle description to match with the ENgineering Master Data Sheet. Configuration  should be: BPBSL and not BpBpBsL
",,
TR-001260-F6T8R-210216,Kuwait,Kuwait,KOC-APC Kuwait,Compression pumps max stages,,High (1 Working day),Resolved (Automatically),Yes,Application Engineering,APC Equipment,Towfeq Kasim,Towfeq Kasim,Succeeded,2021-02-16,2021-02-16,,,,,,"Kindly need you to list the max number of stages for all the WE, WG and WD compression pumps and advice if we can install double seal to increase the allowable number of stages.",,
TR-001262-N0W9W-210217,Middle East,Saudi Arabia,"SFNY,MRJN,MNF,ABSF",Subpump Issue,,High (1 Working day),Resolved,Yes,Application Engineering,Design / Optimization,Abdullatif Aljohani,Abdullatif Aljohani,Succeeded,2021-02-17,2021-02-17,2021-02-17,,,,,The subpump shows an HP higher than the motor nameplate and 100% motor load,,
TR-001263-W0X6H-210313,Kuwait,Kuwait,KOC-APC Kuwait,Compression Pump Max stages and Max Temp,,Low (5 Working days),Resolved (Automatically),Yes,Application Engineering,APC Equipment,Towfeq Kasim,Towfeq Kasim,Succeeded,2021-03-13,2021-03-14,,,,,,"As per the catalog there is a max limit for the Compression pumps @ 250 F temp, we would like to know what will be the max stages for these pumps at different temperatures and please provide the calculation/formula if possible. ",,
TR-001264-Z4L5H-210313,Kuwait,Kuwait,KOC-APC Kuwait,DLS Calcualtion,,Low (5 Working days),Resolved (Automatically),Yes,Application Engineering,Design / Optimization,Towfeq Kasim,Towfeq Kasim,Noncompliant,2021-03-13,2021-03-23,,,,,,"The DLS calculation limitation in our DLS sheet is 100 deg/ft , does the MD in the given survey need to be for every 100ft or it can be otherwise and will be taken into consideration in the formula that is implemented in the DLS sheet?",,
TR-001265-W3K0F-210315,Kuwait,Kuwait,KOC-APC Kuwait,Compression pump max stages and max temp/new,,Low (5 Working days),Resolved (Automatically),Yes,Application Engineering,APC Equipment,Towfeq Kasim,Towfeq Kasim,Succeeded,2021-03-15,2021-03-16,,,,,,"As per the catalog, there is a max limit for the Compression pumps @ 250 F temp, we would like to know what will be the max stages for these pumps at different temperatures and please provide the calculation/formula if possible.",,
TR-001266-R4M3D-210323,Africa,Egypt,ALKHORAYEF PETROLEUM LLC,Lead Gasket spreading phenomena,,High (1 Working day),Resolved,Yes,"Manufacturing, Assembly, Repair and Test",Assembly,Mohamed Barakat,Mohamed Barakat,Noncompliant,2021-03-23,2026-03-29,2026-03-29,Engineering clarifications,,,,"We observed spreading in the lead gasket PN/ 43165 after installing with VENT PLUG LONG PN/ 43287 and tighten in the guide V, S and D PORTS with Torque value of 20 ft. lbs. as per
Quality Bulletin 05 but it not happened in all plugs. 

",,
TR-001267-K1H4P-210329,Middle East,Saudi Arabia,Saudi Aramco - Abu Saafa Oil Well MMF (ABSF),ABSF-178 pump issue,,High (1 Working day),Resolved,Yes,Field Service / Rig related,Troubleshooting,Ali Alolaywat,Ali Alolaywat,Noncompliant,2021-03-29,2026-01-20,2026-01-20,,,,,"we have a case of ABSF-178 where the ESP was running fine and then tripped on high motor temperature. the data before the trip show fluctuating of Pd as it increases then back to same then increases again. Pi & Tm also increased before the trip which indicates a choking above the pump. when we tried to restart the well, it shows no build up pressure. as no differential pressure across pump and no wellhead pressure.
the troubleshooting done as below:
* try to restart the well on both rotations, with closed and open choke. all trials showing same behavior. no buildup pressure and same amps.:
12-Mar-21
 	Amp	Freq.	Pi	Pd	Ti	Tm	Us	Ds	Rate
Static	 	 	1606	1606	195	202	 	 	 
Deadhead ( right rotation )	28	60	1599	1684	202	230	50	50	N/A
Running ( right rotation )	28	60	1599	1686	202	230	50	50	N/A
Deadhead ( wrong rotation )	28	60	1605	1669	201	234	50	50	N/A
Running ( wrong rotation )	28	60	1606	1668	201	235	50	50	N/A

then we tried with different frequencies from 50 - 65 Hz, same results:
22-Mar-21
 	Freq. 	Amp	Pi	Pd	Ti	Tm	US	DS	Rate
Choke fully Close	50	37	1661	1690	177	197	100	N/A	N/A
Open Choke	50	37	1661	1697	177	201	100	N/A	N/A
Choke fully Close	55	38	1661	1706	177	206	100	N/A	N/A
Open Choke	55	38	1661	1712	177	211	100	N/A	N/A
Choke fully Close	60	38	1662	1720	177	220	100	N/A	N/A
Open Choke	60	38	1662	1718	177	219	100	N/A	N/A
Choke fully Close	65	36	1662	1737	177	218	100	N/A	N/A
Open Choke	65	37	1662	1727	177	219	100	N/A	N/A

then we re tapped the transformer to go to 70 Hz and results same as of below:
	Amp	Freq.	Pi	Pd	Ti	Tm	Us	Ds	Rate
Static			1667	1665	183	190			
Deadhead@65 hz	34	65	1660	1708	187	217	100	N/A	N/A
Deadhead@70hz	34	70	1661	1734	186	230	100	N/A	N/A
Running	34	70	1661	1735	186	234	100	N/A	N/A



then we changed the rotation @ 70 Hz, same results:
	Amp	Freq.	Pi	Pd	Ti	Tm	Us	Ds	Rate
Static			1664	1665	177	184			
Deadhead	33	70	1657	1680	177	189	100	N/A	
Running	33	70	1655	1683	177	190	100	N/A	N/A

if you need more data, it can be sent by email.",,
TR-001268-Z9P9W-210411,Latin America,Colombia,APC Colombia - Free Zone,Manufacturing Pumps and Proseal Testing Bench calibration,,Low (5 Working days),Resolved (Automatically),Yes,"Manufacturing, Assembly, Repair and Test",Test,JUAN CADAVID,JUAN CADAVID,Succeeded,2021-04-11,2021-04-15,,,,,,"Please provide:
1. Procedure for calibration of Horizontal Pump testing Bench used in Assembly Plant.
2. Procedure for calibration of Proseal testing Bench.
3. Standard formats used for calibration of the abovementioned procedures.

Thanks.",,
TR-001269-X6N8D-210418,Middle East,Saudi Arabia,Saudi Aramco - Abu Saafa Oil Well MMF (ABSF),Power Consumption of PMM motors and MVD Drives,,Medium (3 Working days),Resolved,Yes,Application Engineering,APC Equipment,Ali Alolaywat,Ali Alolaywat,Succeeded,2021-04-18,2026-01-20,2026-01-20,,,,,"Did APC perform any study/analysis/comparison on the power consumption and possible power saving of PMM motors and MVD drives?
if Yes, could you please share the information?",,
TR-001270-K0K5T-210511,Kuwait,Kuwait,KOC-APC Kuwait,Temp tolerance for Motors,,Medium (3 Working days),Resolved (Automatically),Yes,Application Engineering,APC Equipment,Towfeq Kasim,Towfeq Kasim,Succeeded,2021-05-11,2021-05-18,,,,,,"Can you please advice the maximum winding temperature tolerance for the motors with XT1,XT2 and XT3 rerate values.",,
TR-001271-F3V7X-210615,Kuwait,Kuwait,KOC-APC Kuwait,"7"" Y-Tool in 7"" Casing",,Medium (3 Working days),Resolved (Automatically),Yes,Application Engineering,3rd party products and services,Towfeq Kasim,Towfeq Kasim,Succeeded,2021-06-15,2021-06-20,,,,,,"please advice the max 7"" casing weight that will fit a 7"" Zenith Y-Tool with our 300 SER string ",,
TR-001272-V7G0G-210628,Latin America,Colombia,APC Colombia - Free Zone,UPDATE PN / BOM IN ORACLE,,Low (5 Working days),Resolved (Automatically),Yes,"Manufacturing, Assembly, Repair and Test",Assembly,JUAN CADAVID,JUAN CADAVID,Succeeded,2021-06-28,2021-07-01,,,,,,"Please review and update as necessary the following PN in Oracle:
1. PN 11201-1202-00001600959 describe the equipment with HSS Shaft. However the BOM is of UHSS.
2. PN 11201-1202-00001600961 describe the equipment with HSS Shaft. However the BOM is of UHSS.
3. 11201-1202-00001600953 describe the equipment with HSS Shaft. However the BOM is of UHSS (MS-0004).
4. 11201-1202-00001600951describe the equipment with HSS Shaft. However the BOM is of UHSS (MS-0004).
",,
TR-001273-D1V3G-210712,Latin America,Mexico,PEMEX,Motor 509 HP Temperature,,High (1 Working day),Resolved (Automatically),Yes,Application Engineering,APC Equipment,FREDY REYES,FREDY REYES,Succeeded,2021-07-12,2021-07-13,,,,,,"We need a high-power motor to install at an average depth of 3600 m in an offshore well in Mexico with Pemex, and the 509 HP (XT3) motor was being revised, but the reservoir temperature is 108 ° C.

What recommendations or restrictions may exist to use this motor according to the catalog value that says up to 113 ° C while the handbook says 93 ° C?

We appreciate your collaboration with the help and support of this topic, since according to our inventory availability we do not have the possibility of using 287 HP tandem motors. ",,
TR-001274-F3H9Z-210802,Latin America,Colombia,Ecopetrol,ECP capillary tubes failures,,Medium (3 Working days),Resolved,Yes,Application Engineering,3rd party products and services,SEBASTIAN IZQUIERDO,SEBASTIAN IZQUIERDO,Succeeded,2021-08-02,2021-08-09,2021-08-09,,,,,"Ecopetrol is doing a research regarding capillary tube failures related with tube cracking and plugging or locked. The following information is required:
1.	How many suppliers does APC use to manufacture power cable with capillary tube? Please mention the suppliers name (s).
2.	Does APC  have a documented internal quality control  for the capillary tubes received? Please provide or describe in detail.
3.	Does APC have a record of the quality certificates of the capillary tubes received from suppliers? Please provide. 
4.	Which of the following parameters are considered for the quality control of the capillary tube:  microhardness testing/Chemical composition/ tension test/ Other, please specify.
5.	Does the capillary tube have welding processes? Please specify.
6.	In the manufacturing process of the capillary tube, has the steel heat treatment? 
7.	Please describe the capillary tube manufacturing process. Rolling/Stretching/Others.
8.	Have the capillary tubes additional coating? Please specify coating type.
",,
TR-001275-B2Z6H-210810,Africa,Egypt,BAPETCO-,XCeeD 450 motor coast time,,Low (5 Working days),Resolved (Automatically),Yes,"Manufacturing, Assembly, Repair and Test",Test,Khaled Elsheikh,Khaled Elsheikh,Succeeded,2021-08-10,2021-08-12,,,,,,Current MPP for motors does not have a specification for the 450 Series XCeeD motor coast time. Could you please advise if there is a specific coast time for this motor or is it the same as the legacy 450 series motors. If there is a specific one please advise and release a new coast time reference chart,,
TR-001276-L1L9V-210815,Kuwait,Kuwait,Kuwait- KOC,High HP Re-rate De-rate equation,,Medium (3 Working days),Resolved (Automatically),Yes,Application Engineering,APC Equipment,Wadhah Hussain.,Wadhah Hussain.,Succeeded,2021-08-15,2021-08-17,,,,,,would you please provide us with De-rate and Re-rate equation for the new High HP motors 450 series,,
TR-001277-B6V8V-210818,Latin America,Mexico,PEMEX,PEMEX O-ring Storage,,High (1 Working day),Resolved (Automatically),Yes,"Manufacturing, Assembly, Repair and Test",Warehousing,JUAN SERRANO,JUAN SERRANO,Succeeded,2021-08-18,2021-08-18,,,,,,"What are the criteria for O-ring Storage based on:

1.- Temperature 
2.- Humidity
3.- Light
4.- Radiation
5.- Ozone
6.- Deformation
7.- Dissimilar Materials
8.- Others",,
TR-001278-M0L6V-210819,Africa,Egypt,Alkhorayef Petroleum Factory For Electrical Submersible Pumps,Technical Query for Guide bushing drawing,,Medium (3 Working days),Resolved,Yes,"Manufacturing, Assembly, Repair and Test",Inspection / Quality,Mohamed Barakat,Mohamed Barakat,Succeeded,2021-08-19,2021-08-19,2021-08-19,,,,,"the drawing DN-00000881 of BUSHING, HEAD & GUIDE PROSEAL 400 SER seems to have an issue with the ID, it mentions in the drawing that it should be 0.84"" while the OD of the shaft is 0.875"", Also the guide drawing where the ID of the bushing is correct (0.883""). 






",,
TR-001279-B3R5G-210831,Latin America,Mexico,PEMEX,Creation of P/N's,,High (1 Working day),Resolved (Automatically),Yes,Application Engineering,APC Equipment,FREDY REYES,FREDY REYES,Succeeded,2021-08-31,2021-08-31,,,,,,"I appreciate your cooperation in sharing the P / N of the following motors with MLE plug-in on the following boards: 
509 HP/2223V/139.2A UT FH
509 HP/2223V/139.2A CT FH
509 HP/2223V/139.2A UT CH
509 HP/2223V/139.2A CT CH
509HP/3891V/79.9A FH
509HP/3891V/79.9A CH
450HP/3720V/73.5A FH
450HP/2125V/128A UT FH
450HP/2125V/128A CT FH
450HP/2125V/128A UT CH
450HP/2125V/128A CT CH ",,
TR-001280-G7N5K-210901,Africa,Egypt,Alkhorayef Petroleum Factory For Electrical Submersible Pumps,GEARS Audit checklist creation,,Low (5 Working days),Resolved,Yes,"Manufacturing, Assembly, Repair and Test",Inspection / Quality,Mohamed Barakat,Mohamed Barakat,Noncompliant,2021-09-01,2026-03-25,2026-03-25,,,,,"we need to create audit checklists for processes and other Department as it is only mentioned the Pump, GS, Motor and Protector ",,
TR-001281-N5F0T-210909,Latin America,Colombia,PEMEX,TESTING THE DIELECTRIC STRENGTH OF OIL No. 6,,Low (5 Working days),Resolved,Yes,"Manufacturing, Assembly, Repair and Test",Test,JUAN SERRANO,JUAN SERRANO,Noncompliant,2021-09-09,2026-03-29,2026-03-29,High Production differ (NPT/LD related),,,,There is no available support for Motor Oil #6. TESTING THE DIELECTRIC STRENGTH OF OIL No. 6 is required MPP/WI is required.,,
TR-001282-H0D1Y-210910,Latin America,Colombia,Ecopetrol,Coast Tiem Table Update,,High (1 Working day),Resolved (Automatically),Yes,"Manufacturing, Assembly, Repair and Test",Test,JUAN SERRANO,JUAN SERRANO,Succeeded,2021-09-10,2021-09-12,,,,,,"Coast Time Table does not include acceptance criteria for High Power 450 Motors, 509 HP Motor 560 SER, and other references. It is required to be added in document DM-M20004 as we are testing those types of Motors.",,
TR-001283-N3K1K-211011,Latin America,Colombia,APC Colombia - Free Zone,Adjust PN Description,,Low (5 Working days),Resolved (Automatically),Yes,"Manufacturing, Assembly, Repair and Test",Assembly,JUAN CADAVID,JUAN CADAVID,Succeeded,2021-10-11,2021-10-12,,,,,,"Please review and adjust the description of PN 11201-1002-00001069036 which is a GPX according to the BOM, However, the description of the equipment indicates it is a GPU. ",,
TR-001284-B5S2Q-211013,Latin America,Colombia,APC Colombia - Free Zone,Update PN Description in Oracle,,Low (5 Working days),Resolved (Automatically),Yes,"Manufacturing, Assembly, Repair and Test",Warehousing,JUAN CADAVID,JUAN CADAVID,Succeeded,2021-10-13,2021-10-14,,,,,,"Please update in ORACLE the description of PN 11201-1002-00001068878 which must indicate the type of Head used. The correct Description should be PUMP, GPX-D40 WITH 538 ADAPTERS, FULL AR,CMP, UHSS, CH, CSHB, AFLAS
currently Oracle is showing the description SPECTRUM ADVANCE, GPX, D40, N, AR, UHS, CH, CSHB. Thanks.",,
TR-001285-G3P3F-211020,Latin America,Colombia,Ecopetrol,Stress Analysis Program for ESP with instument tube,,High (1 Working day),Resolved,Yes,Application Engineering,Design / Optimization,JUAN SERRANO,JUAN SERRANO,Succeeded,2021-10-20,2026-01-20,2026-01-20,,,,,"We are requiring to get a macro excel or program where we can calculate the stress analysis when we install applications as ESP and instruments tubes (Y-Tool) thus we can confirm to our customers if we can run these applications without any inconvenient or otherwise we can have tool to demonstrate to them that this condition can affect the ESP and generate a future failure. 

Other important applications are:

Y-Tool, MLE, I-Lead, MB PEMEX Seals, Protectolizers, shrouded ESP or Dual Completions",,
TR-001286-H6Y7L-211028,Latin America,Colombia,APC Colombia - Free Zone,LOCK PLATE PN,,Low (5 Working days),Resolved (Automatically),Yes,"Manufacturing, Assembly, Repair and Test",Assembly,JUAN CADAVID,JUAN CADAVID,Succeeded,2021-10-28,2021-10-31,,,,,,"Can you please inform the PN of the Lock Plate of 2"" x 2""  and 2"" x 4"" that could be use in Proseal and Gas separators 400 series for Carbon and Ferritic Housing.
 
In case these PN do no exist please create so we can update our BOM and improve the finishing times by procuring the appropiate part.

Thanks.",,
TR-001287-C7G0G-211028,Latin America,Colombia,APC Colombia - Free Zone,Adjust PN in ORACLE,,Low (5 Working days),Resolved (Automatically),Yes,"Manufacturing, Assembly, Repair and Test",Assembly,JUAN CADAVID,JUAN CADAVID,Succeeded,2021-10-28,2021-10-31,,,,,,"Please review the configuration of PN 11201-1202-00001069127 which according to Engineering data base is:
BPBSL,ST&UT,STD-HL,AFLAS,SSHB,FH,UHSS,SEVERE SEAL,500 SERIES;
but in Oracle the description is as follows:
BSBSL,ST&UT,STD-HL,AFLAS,SSHB,FH,UHSS,SEVERE SEAL,500 SERIES
",,
TR-001288-H1W3M-211129,Latin America,Colombia,Ecopetrol,Manufacturing standard For ESP motors,,Low (5 Working days),Resolved (Automatically),Yes,"Manufacturing, Assembly, Repair and Test",Inspection / Quality,SEBASTIAN IZQUIERDO,SEBASTIAN IZQUIERDO,Succeeded,2021-11-29,2021-12-02,,,,,,"Ecopetrol is requesting to certificate the motor as per local electrical regulations. The certifiers companies are requesting the following informations to proceed with the quote:

1. Stator and motor manufacturing standard.
2. Standards used for stator and motor tests. 

Could you please share this documents with us?",,
TR-001289-P2G2H-211208,Latin America,Colombia,APC Colombia - Free Zone,Update PN Description GPX,,Low (5 Working days),Resolved (Automatically),Yes,"Manufacturing, Assembly, Repair and Test",Assembly,JUAN CADAVID,JUAN CADAVID,Succeeded,2021-12-08,2021-12-12,,,,,,"Please review and update the description of PN 11201-1002-00001068903 which indicates in Oracle that is a GPU G70, However according to the BOM and Engineering Master Data Sheet it is a GPX D40 with Head and Base 400.
",,
TR-001290-V1K0B-211208,Latin America,Colombia,APC Colombia - Free Zone,Anti- seize,,Low (5 Working days),Resolved (Automatically),Yes,"Manufacturing, Assembly, Repair and Test",Assembly,JUAN CADAVID,JUAN CADAVID,Succeeded,2021-12-08,2021-12-12,,,,,,"Colombia´s manufacturing plant is using an Anti Seize based on copper (It is LOCTITE 8008). 
Can you please confirm if we can migrate to a LOCTITE® LB 8014 which is a white, metal-free, food grade lubricant and anti-seize made from white oil and extreme pressure (EP) additives. It prevents friction, seizing and galling in stainless steel and other metal parts. It is temperature resistant to +400°C.
Or which other product is approved to used as anti seize in all our products.",,
TR-001291-R3L6C-211221,Middle East,Indonesia,Pertamina,Seals configuration for design,,High (1 Working day),Resolved,Yes,Application Engineering,Design / Optimization,Ali Alolaywat,Ali Alolaywat,Succeeded,2021-12-21,2026-01-20,2026-01-20,,,,,"I have design with below pumps and motor:
Pump: WE7000/ 142 stg. (71+71)
Motor: 626HP tandem (313 HP+313HP).
also the customer is requiring gas separator & gas handler.

the well is deviated. 

what the recommended seals configuration and how many chambers needed?",,
TR-001292-L9M9C-211228,Latin America,Colombia,APC Colombia - Free Zone,Review and correct PN %1069126 and BOM,,Low (5 Working days),Resolved (Automatically),Yes,"Manufacturing, Assembly, Repair and Test",Assembly,JUAN CADAVID,JUAN CADAVID,Noncompliant,2021-12-28,2022-05-22,,,,,,"Please review the PN 11201-1202-00001069126 which according to the Engineering Master Data base corresponds to a Standard Sever Proseal - LSBPB,ST&UT,STD-HL,AFLAS,SSHB,FH,UHSS,SEVERE SEAL,500 SERIES; however, in ORACLE the description indicates it is a AR SEVERE Proseal - SPECTRUM ADVANCE, PROTECTOR, 540 SERIES, LSBPB, HL, AR, UHS, FH, SSHB, SEVERE.

Please review which description is correct and adjust the BOM accordingly. Thanks",,
TR-001293-B7H2F-211229,Latin America,Colombia,Ecopetrol,Update Gas Separator BOM,,Medium (3 Working days),Resolved (Automatically),Yes,"Manufacturing, Assembly, Repair and Test",Assembly,JUAN SERRANO,JUAN SERRANO,Succeeded,2021-12-29,2021-12-30,,,,,,"BOM of Gas Separator 500 SER with P/N 11201-1302-00001068342, and description SPECTRUM, GAS SEPARATOR,  538 SERIES, VORTEX, 3B, TANDEM, UHS, CH, CSHB, does not include lock plates P/N 11101-1201-00000012375, WELDING BOARD, SHORT PROSEAL, 500 SER, CS. It is required to be included 4 EA into BOM.",,
TR-001294-K5B6N-220117,Africa,Egypt,Alkhorayef Petroleum Factory For Electrical Submersible Pumps,Welding Electrode amperage value discrepancies between Checklist & WPS,,Medium (3 Working days),Resolved,Yes,"Manufacturing, Assembly, Repair and Test",Assembly,Mohamed Barakat,Mohamed Barakat,Noncompliant,2022-01-17,2026-01-20,2026-01-20,,,,,"1-	QF-316-1 Lock plate welding inspection and DPT checklist (CH+SSHB) : the amperage value should be from 100 to 105 while it is mentioned in the relevant WPS from 80 to 90 Amp.
2-	QF-316-3 Lock plate welding inspection and DPT checklist (CH+CSHB): the amperage value should be from 100 to 105 while it is mentioned in the relevant WPS  from 85 to 95 Amp.
",,
TR-001295-R3Y2R-220119,Africa,Egypt,Badr Petroleum Co.,Xceed Motors Tables,,Medium (3 Working days),Resolved (Automatically),Yes,Application Engineering,Design / Optimization,Ahmed ElKomy,Ahmed ElKomy,Succeeded,2022-01-19,2022-01-19,,,,,,"Kindly we need the rerating table for 450 Xceed Motors, also we need all coefficient inputs needed to be able to upload to SubPump.",,
TR-001296-L0M2B-220124,Kuwait,Kuwait,Kuwait- KOC,Pump curve and coefficient ( GPU ),,High (1 Working day),Resolved,Yes,Application Engineering,APC Equipment,Wadhah Hussain.,Wadhah Hussain.,Succeeded,2022-01-24,2026-01-20,2026-01-20,,,,,need Gas Handler  GPU  pump curve and coefficients as per client request,,
TR-001297-N7D7Q-220218,Latin America,Colombia,APC Colombia,PN for O-LUBE,,Low (5 Working days),Resolved (Automatically),Yes,"Manufacturing, Assembly, Repair and Test",Assembly,JUAN CADAVID,JUAN CADAVID,Succeeded,2022-02-18,2022-02-20,,,,,,"Please create a PN for O-LUBE (O-ring Lubricant) in order to have the material in our invnetory so the cost of that consumable goes into the equipment and not to the expense of the Plant.

Material Description:
PARKER O-LUBE 884-2
NET WEIGHT 2 FL OZ 

Please advice.",,
TR-001298-N8H1Y-220221,Latin America,Colombia,APC Mexico Operation,Motor Oil Expansion Calculator,,Medium (3 Working days),Resolved,Yes,Application Engineering,Design / Optimization,JUAN SERRANO,JUAN SERRANO,Succeeded,2022-02-21,2026-01-20,2026-01-20,,,,,"Release of Excel sheet for calculating motor oil expansion in operation based on different equipment selection (Proseals and Motors). This project will face the need of Application Engineers in evaluating their designs based on this concept, however and by the moment, there is no a standardized document for motor oil expansion criteria selection in APC.

In attached documents you can find the excel calculator sheets, a short presentation explaining this application and a guidance for users.",,
TR-001299-M8X9K-220221,Latin America,Colombia,APC Colombia,Stator Description review,,Low (5 Working days),Resolved (Automatically),Yes,"Manufacturing, Assembly, Repair and Test",Assembly,JUAN CADAVID,JUAN CADAVID,Succeeded,2022-02-21,2022-02-23,,,,,,"Please verify the description of the VOltage identified in Stator PN 11201-0902-00001019276 which as per description is SPECTRUM, STATOR, 560 SERIES, XT1, 60HZ, 391HP, 1744V, 132.8A, CH, NV, however, as per the Cross Reference Table APC-QAD-160 we manufacture stators of 1774 Volts and not 1744 Volts.
Please review and adjust accordingly.

",,
TR-001300-P6R9M-220308,Latin America,Colombia,APC Mexico Operation,Wrong Material in Lock Plates,,Low (5 Working days),Resolved (Automatically),Yes,"Manufacturing, Assembly, Repair and Test",Assembly,JUAN SERRANO,JUAN SERRANO,Succeeded,2022-03-08,2022-03-13,,,,,,"It is evidence that the BOM of these two part numbers of seals are available with wrong lock plates in SS material (43159,43160) and the one they must have are in CS (11101-1201-00000012375 WELDING BOARD, SHORT PROSEAL, 500 SER, CS) 2 PCS AND (11101-1201-00000012373 WELDING BOARD, LONG, PROSEAL, 500 SER, CS) 3 PCS
What happens with this is that we generate additional reworks and time changing PNs ",,
TR-001301-Q2C3Z-220321,Latin America,Colombia,Ecopetrol,Ecopetrol Gassy Well,,Medium (3 Working days),Resolved (Automatically),Yes,Application Engineering,Design / Optimization,Carlos Bernal,Carlos Bernal,Noncompliant,2022-03-21,2022-07-24,,,,,,"Ecopetrol has a new well with high parameters of gas such as:
GOR: 59659 SCF/STB
Bubble point: 5500 psi
Flow rate: 10150 BFPD.
BSW: 96.8%
We need to know if we can suggest any APC ESP equipment to Ecopetrol",,
TR-001302-L5H3B-220419,Latin America,Colombia,APC Colombia,Activate PN 11201-1002-00001069377 in Oracle,,Low (5 Working days),Resolved (Automatically),Yes,"Manufacturing, Assembly, Repair and Test",Assembly,JUAN CADAVID,JUAN CADAVID,Succeeded,2022-04-19,2022-04-20,,,,,,"Please Create / Activate the PN 11201-1002-00001069377 in Oracle PC6 so the PN can be called by a Job Order.
IT Desvice Desk informs that the PN do not exist in Oracle they say:
""Dear 

Kindly note this item # 11201-1002-00001069377  is not exist in oracle application , please check with engineering team 

Thanks,
Mahmoud el Bohi​""",,
TR-001303-C8S6W-220419,Latin America,Colombia,APC Colombia,Update MOTOR PN %1069044,,Low (5 Working days),Resolved (Automatically),Yes,"Manufacturing, Assembly, Repair and Test",Assembly,JUAN CADAVID,JUAN CADAVID,Succeeded,2022-04-19,2022-04-20,,,,,,Please review the desciption in Oracle of PN 1069044 which indicates is a motor that uses 1744 VOLTS but it should be 1774 V.,,
TR-001304-F0Y9M-220425,Latin America,Colombia,APC Colombia,Tools Drawings,,Low (5 Working days),Resolved (Automatically),Yes,"Manufacturing, Assembly, Repair and Test",Tooling and equipment,JUAN CADAVID,JUAN CADAVID,Succeeded,2022-04-25,2022-04-29,,,,,,"Can you please issue the drawings for the followings tools requiered for the PMP 675 Series:
- Tool for NUT Compressión.
- Tool for torque Head and Base.",,
TR-001305-J1Q0Q-220428,Latin America,Colombia,APC Colombia,Activate PN 11201-1202-1001020467,,Low (5 Working days),Resolved (Automatically),Yes,"Manufacturing, Assembly, Repair and Test",Assembly,JUAN CADAVID,JUAN CADAVID,Succeeded,2022-04-28,2022-04-29,,,,,,"Please load the BOM of PN 11201-1202-1001020467 which corresponds to a SPECTRUM ADVANCE, PROTECTOR, 540, BPBSL, HL, AR, UHS, CH, CSHB, UT&ST, SEVERE, and activate the BOM to be loaded when creating Job orders in Oracle.
",,
TR-001306-P9X1N-220511,Latin America,Colombia,APC Colombia,Shaft 1.375 max load to be applied for straightening,,Low (5 Working days),Resolved,Yes,"Manufacturing, Assembly, Repair and Test",,JUAN CADAVID,N/A,Noncompliant,2022-05-11T09:00,2022-05-22T09:00,,Engineering clarifications,,,,"Please review the MPP-0016 procedure for shaft straightening considering that the load required to straighten the INCONEL shaft with OD 1.375"" is not included in the table and is assigned as TBA. Please advice.",,
TR-001307-Y9Y4L-220527,Latin America,Colombia,Ecopetrol,Stress Analisys Gavan-7,,Medium (3 Working days),Resolved (Automatically),Yes,Application Engineering,Design / Optimization,Carlos Bernal,Carlos Bernal,Noncompliant,2022-05-27,2022-07-24,,,,,,The will run an equipment in Gavan-7 well and we need to ensure the stress analisys.,,
TR-001308-V3T9V-220620,Latin America,Colombia,APC Colombia,Update description of PN1067288,,Low (5 Working days),Resolved,Yes,"Manufacturing, Assembly, Repair and Test",Assembly,JUAN CADAVID,Mohamed Kamel,Succeeded,2022-06-20,2022-06-21,2022-06-21,,,,,"PLease update in Oracle the description of PN 1067288 which is a WE11000 pump that uses Carbon steel in all its components. The description in Oracle indicates it uses a SSHB but according to the BOM this equipment uses al CS Head, Base and Housing. Thanks",,
TR-001309-C4C2D-220826,Latin America,Colombia,APC Colombia,Update PN 1068626 description in Oracle,,Low (5 Working days),Resolved (Automatically),Yes,"Manufacturing, Assembly, Repair and Test",,JUAN CADAVID,N/A,Noncompliant,2022-08-26T09:00,2023-08-15T09:00,,,,,,Please update the PN description for the PN 1068626 which indicates in Oracle it is an XT2 but in the master data sheet indicates it is an XT1 motor.,,
TR-001310-L8Q4N-220829,Middle East,Saudi Arabia,APC Saudi,Acid flowback Through the ESP,,High (1 Working day),Resolved (Automatically),Yes,Application Engineering,Design / Optimization,Ali AlHassan,Ali AlHassan,Noncompliant,2022-08-29,2022-09-04,,,,,,"Aramco planning to do an Acid job through the 2” Coiled Tubing, they are planning to retrieve the blanking plug and to pump 15% HCL below our ESP(in the open hole).

As per the flowback program, they will flow the well through the ESP after the Acid job.

•	What will be the maximum HCL percentage, can we proceed with the 15% HCL?
•	What will be the pH limitation during the flowback?
•	What will the max time for flowing the acid through the ESP?

Please let us know if you have a procedure for this subject or any recommendations. ",,
TR-001311-V5C3S-220901,Middle East,Saudi Arabia,Saudi Arabian Oil Company (ARAMCO),Using BsL 540 series seal with 560 series 420 HP tandem motor,,High (1 Working day),Resolved,Yes,Application Engineering,APC Equipment,Hussain BuAli,Hussain BuAli,Noncompliant,2022-09-01,2022-09-04,2022-09-04,,,,,"Can we use a seal of 540 series BsL with below equipment:
- Pump: WQ-1800 / 3 stages
- Motor: 560 series XT2 210 HP LT motor + 210 HP UT motor (total 420 HP)
and what is the maximum HP to use this type of seal?",,
TR-001312-G5J8D-220906,Latin America,Colombia,APC Colombia,Soldering Paste,,Low (5 Working days),Resolved,Yes,"Manufacturing, Assembly, Repair and Test",Assembly,JUAN CADAVID,JUAN CADAVID,Succeeded,2022-09-06,2026-03-29,2026-03-29,Engineering clarifications,,,,"Paste Soldering Flux - STAY CLEN, brand HARRIS manufacturer PN SCPF1, used with Soldering wire APC´s PN %43079, when is HOT (after welding the terminals on the head of the motors) apparently is corroding Carbon steel parts. We have applied the paste at room temperature on Carbon steel parts but it did not corrode the piece.
As an action the Motor assembly technician cleans the surfaces after applying the soldering to the motor terminal, howevere, the part gets corroded.
Can you please verify and issue recomendations to change the paste or how to proceed.",,
TR-001313-V8Y4T-220915,Latin America,Mexico,APC Colombia,Change PN Description,,Medium (3 Working days),Resolved (Automatically),Yes,"Manufacturing, Assembly, Repair and Test",,JUAN SERRANO,N/A,Noncompliant,2022-09-15T09:00,2022-10-13T09:00,,,,,,"The following PN Description includes the word ""STD"" but it does not correspond to it: 11201-1002-00001069128, GPU-E90, FULL AR, UHSS, FH, SSHB, AFLAS, HSG TYPE, STD, NI-RE TYPE-1. It should be described as Spectrum, GPU, E90, N, Full AR, UHS, FH, SSHB. Please avoid misunderestanding on this PN.

",,
TR-001314-P6W8K-220926,Latin America,Colombia,Ecopetrol,MLE RETIE CERTIFICACION FOR COLOMBIA,,High (1 Working day),Resolved (Automatically),Yes,"Manufacturing, Assembly, Repair and Test",Inspection / Quality,Carlos Bernal,N/A,Noncompliant,2022-09-26T09:00,2022-10-13T09:00,,,,,,"In Colombia, is mandatory certify all the electrical components of the ESP equipment. We already have the power cable certified from Wanda and Huatong, however, now we need certify the MLE manufactured in KSA; being so, I need your support in order to include the MLE in the certification existing.",,
TR-001315-L5R7L-221024,Africa,Egypt,Bapetco-,ESP unstable operation,,High (1 Working day),Resolved,Yes,Field Service / Rig related,Troubleshooting,Mohamed Sirelkhatim,Mohamed Sirelkhatim,Noncompliant,2022-10-24,2026-01-20,2026-01-20,,,,,"2-Wells are having odd operation where there is a good submergence and support form the reservoir, with no presence of sand nor solids and the pumps are tripping on overload.

BED 18-6 was run for 42 days before start the series trips on OL and BED 3-30 run for 31 days. BED 3-30 intake went lower than the design which indicate low support but that because the injector was closed with high vibration trips reached 3.2g

BED 18-6 - WD-1000MF,315 STG / 450 SERIES XCeed, XT1 - UT, 149 HP, 2465 V , 38.5 A @60Hz.
BED 3-3 - WD-1000MF,350 STG / 450 SERIES XCeed, XT1 - UT, 149 HP, 2465 V , 38.5 A @60Hz.

Need your help with the tech opinion 
",,
TR-001316-G8K6J-221121,Middle East,Saudi Arabia,Saudi Arabian Oil Company (ARAMCO),standard shaft pumps,,High (1 Working day),Resolved (Automatically),Yes,Application Engineering,Design / Optimization,Reda ALFaraj,Reda ALFaraj,Noncompliant,2022-11-21,2022-11-28,,,,,,"when we have design with the maximum load of the standard shaft
for example we: WE-5500 pump with 135 stages and operating on 401 HP at maximum case
can we proceed with standard shaft in this case?
is the maximum running HP for the shaft in the catalog is considering the hard start if we have stuck pump?",,
TR-001317-H5Z7X-221121,Middle East,Saudi Arabia,Saudi Arabian Oil Company (ARAMCO),Pumped Brine Specifications,,High (1 Working day),Resolved (Automatically),Yes,Application Engineering,Design / Optimization,Abdullah Jarfan,Abdullah Jarfan,Succeeded,2022-11-21,2022-11-22,,,,,,"As requested by Aramco to confirm with engineering hub, Please confirm if the ESP will have any issue to be function tested after treating the well with below Chemicals:
Chemical (Concentration)
Diesel (85 PCF Viscous CaCl2 kill brine)
Mutual (Solvent 10 volume %)
Surfactant (2 gpt)
Anti-Emulsion/Sludge (8 gpt)",,
TR-001318-Y1Q7V-221128,Middle East,Saudi Arabia,Saudi Arabian Oil Company (ARAMCO),Minimum fluid speed for cooling,,Medium (3 Working days),Resolved,Yes,Application Engineering,Design / Optimization,Reda ALFaraj,Reda ALFaraj,Noncompliant,2022-11-28,2026-01-20,2026-01-20,,,,,"we have a case when we have restriction during the flowback after installing the ESP, will be able to produce only 950 Bbl/day with well kill fluid due to some well restrictions
we are using WE3600 with (209 hp motor ""560 series"")
as the casing size is 9-5/8"" and we have Y-tool system, the fluid velocity at the motor depth will be not more than 0.29 ft/sec
will require to flow at that rate for about 2-3 days

1- will this rate be enough to cool the motor at 50Hz? the load will be 45%

2- if we de-rate the motor for this case to run it as 157hp motor ""the load will be 58%"", will the motor generate less heat and can deal with this low rate?

3- if not, what is the minimum fluid speed to cool the motor for both cases (209hp and derating to 157hp)?",,
19052,Middle East,Saudi Arabia,Saudi Arabian Oil Company (ARAMCO),Chemicals characteristics of the ESP,,High (1 Working day),Resolved,Yes,Application Engineering,Design / Optimization,Hussain BuAli,Hussain BuAli,Noncompliant,2022-11-28,2026-01-20,2026-01-20,,,,,"We have received a request to design an ESP for water well, and need to know if APC super duplex ESPs can work with these water specs or no.
The attached file shows the water specs.",,
TR-001319-Y9Y4P-221129,Latin America,Colombia,APC Colombia,Bearings on Gas Separators,,Low (5 Working days),Resolved,Yes,"Manufacturing, Assembly, Repair and Test",Assembly,JUAN SERRANO,JUAN SERRANO,Noncompliant,2022-11-29,2026-03-29,2026-03-29,Engineering clarifications,,,,"Gas Separators in Tandem have 5 stababilizations on their BOM. However, description mentions 3B and it must be 5B for 400 SER and 6B for 500 SER (1 base, 1 guía, 2 crossover, 2 Suport). ",,
TR-001320-C8D7P-230109,Latin America,Mexico,APC Mexico Operation,Pump WE2600 Full AR,,Low (5 Working days),Resolved (Automatically),Yes,Application Engineering,APC Equipment,FREDY REYES,FREDY REYES,Succeeded,2023-01-09,2023-01-10,,,,,,"We need to know what's the reason Pump WE2600 isn't assembly in full AR, because we think that Pump can be installed at future in Cantarell Field.",,
TR-001321-C5Y6J-230129,Middle East,Saudi Arabia,APC Saudi,Motor cooling and minimum accepted flow speed,,Medium (3 Working days),Resolved,Yes,Application Engineering,Design / Optimization,Ali AlHassan,Ali AlHassan,Succeeded,2023-01-29,2026-01-20,2026-01-20,,,,,"Need your advice to know the minimum and best flow speed passing the motor for below case.

560           Motor SERIES
104           Motor Catalogue HP at 60 Hz
11.4          motor Catalog Length
68            MOTOR RUNNING FREQUENCY
1100          PUMPING Flow Rate
106.64        PUMP HP (BHP required)
210           Bottom Hole Temperature
8.755         WELL CASING ID
40            Water cut
29            API
1800         P =PUMP INTAKE PRESSURE PSI 
488           PB =BUBBLE POINT PSI
1.18          SGG =GAS SPECIFIC GRAVITY
154           R =SURFACE GAS-OIL-RATIO SCF/STB",,
TR-001322-Z3T3Z-230313,Latin America,Colombia,APC Colombia - Free Zone,Review BOM of Motor PN 11201-1102-00001019732,,High (1 Working day),Resolved (Automatically),Yes,"Manufacturing, Assembly, Repair and Test",Assembly,JUAN CADAVID,Mohamed Kamel,Succeeded,2023-03-13,2023-03-14,,,,,,"Please review the following:
1. As per BOM of the Motor PN 11201-1102-00001019732 (MOTOR, 60HZ, 206HP, 1678V, 78.5A), establishes that the stator should be the PN 11201-0902-00001019938 which is a 173 HP 1661 V 65.4 A (SPECTRUM STATOR 450 SERIES XCeeD 60HZ 173HP 1661V 65.4A FH). Please clarify if this stator description is correct or please review the BOM on Fusion to make sure the BOM PN is correct.
2. For BMC we are using the Base PN  11201-1102-00001019732 BASE SUB-ASSEMBLY, HIGH POWER MOTOR, 450 SERIES, MS-00039; however, the BOM indicates the PN 11101-1101-00000022058 BASE ASSEMBLY, MOTOR, 450 SERIES, MS-00039.

Can you please check and update the BOM accordingly or please clarify the differences. Thanks.
",,
TR-001323-C2F4J-230320,Middle East,Iraq,TotalEnergies Tender - Iraq,Housing Material Selection for TotalEnergies ESP Tender,,High (1 Working day),Resolved,Yes,Application Engineering,APC Equipment,Mohammed Eltegani,Mohammed Eltegani,Succeeded,2023-03-20,2026-01-20,2026-01-20,,,,,"We are participating in ESP tender with TotalEnergies Iraq, they did not mention the required housing and H&B material for the ESP. Below are the fluid data given in the tender documents, please need to know what the suitable housing martial to be used in this tender to get the cost for it accordingly.
Oil well 1:
Temperature 81 C
WC  0 to 95%
Water SG 1.14

Oil well 2:
Temperature 88 C
WC  0 to 95%
Water SG 1.16

Water well 1:
Temperature 37 C
Water SG 1.14
Water salinity 185,000 ppm

Water well 2:
Temperature 45C
Water SG 1.015
Water salinity 185,000 ppm",,
TR-001324-Q7V4X-230417,Latin America,Colombia,APC Colombia - Free Zone,Review Item Structure PN 11201-1102-00001306175,,Medium (3 Working days),Resolved (Automatically),Yes,"Manufacturing, Assembly, Repair and Test",Assembly,JUAN CADAVID,Mohamed Kamel,Succeeded,2023-04-17,2023-04-18,,,,,,"Item Structure of PMM Motor PN 11201-1102-00001306175, includes the part number of Magnet Wire PN 11101-1101-00000087014 with a quantity of 1 LB.
Can you please check the Item Structure and correct massibely in Oracle fusion for the three organizations APC, BMC_NEW and DMC_NEW.
",,
TR-001325-T6D8R-230504,Latin America,Colombia,APC Colombia,BOM Update for GPX,,Medium (3 Working days),Resolved (Automatically),Yes,"Manufacturing, Assembly, Repair and Test",Assembly,JUAN SERRANO,Mohamed Kamel,Succeeded,2023-05-04,2023-05-07,,,,,,"There was an update in drawing DN-00002052 where revision B change a PN from revision A for the same component (from 26575 to 1022465) . However, following BOMs are not updated: 

11201-1002-00001005792      SPECTRUM GPX-D40, N, FULL AR, CMP, HSS, FH, SSHB
11201-1002-00001005792	SPECTRUM GPX-D40, N, FULL AR, CMP, HSS, FH, SSHB
11201-1002-00001016994	SPECTRUM ADVANCE, GPX-D40, N, FULL AR ,HSS, FH, SSHB
11201-1002-1001022525	SPECTRUM ADVANCE, GPX-D40 WITH 538 ADAPTERS, FULL AR, CMP, 1.000'' SHAFT, UHS, CSHB, CS
",,
TR-001326-F8N3K-230524,Latin America,Colombia,ALKHORAYEF PETROLEUM COLOMBIA,Ring Compression Material deviation,,High (1 Working day),Resolved (Automatically),Yes,"Manufacturing, Assembly, Repair and Test",Machining,JUAN CADAVID,Mohamed Kamel,Succeeded,2023-05-24,2023-05-25,,,,,,"Due to shortage of Ni-Resist compression rings for the assembly of an HPS Pump, PN 11201-5002-1001021856, we have to options to complete the assembly, can you please advice how to proceed:
1. Option 1: To machine a Compression Ring using SS316 or SS420 instead of Ni- Resist. The reference drawing for the machining process is  DN-
00003015 Rev E. What are the operational restrictions that we will face by using this material?
Option 2: To use a longer compression tube with larger OD so the Compression tube rest on the housing thread and the Head will be the part doing the compression.
Please advice to proceed with the assembly.",,
TR-001327-L6V9P-230604,Latin America,Colombia,APC Mexico Operation,Welding H&B on HPS WM675,,High (1 Working day),Resolved (Automatically),Yes,"Manufacturing, Assembly, Repair and Test",Assembly,JUAN CADAVID,Mohamed Kamel,Succeeded,2023-06-04,2023-06-04,,,,,,"For the assembly of the PN 11201-5002-1001021856, Pump SPECTRUM PUMP, WM675A, N, #100 HSG, 10STG, CMP, FULL AR, UHS, CH, SSHB, Can you please advice from the following two options how to secure the H&B to the housing:
Option 1 use lockplates to secure the H&B to the housing. (Lockplates are included in the BOM). 
Option 2 Make 4 welding cords of 1 inch lengh at 90º each one. 

Please advice.",,
TR-001328-S0Y2V-230611,Middle East,Saudi Arabia,Saudi Arabian Oil Company (ARAMCO),"installing WH pump in 7"" casing",,Medium (3 Working days),Resolved,Yes,Application Engineering,Design / Optimization,Reda ALFaraj,Reda ALFaraj,Succeeded,2023-06-11,2023-06-11,2023-06-12,,,,,"we are planning to install WH15000 pump in 7"" casing with ID of 6.276"" and the drift ID is 6.151""
the MLE will be installed is PerSevere (3/8"")

will it be safe to run it? was WH pump installed in 7"" casing before?",,
TR-001329-N2F4H-230615,Latin America,Colombia,APC Colombia,Compression Tube,,Low (5 Working days),Resolved (Automatically),Yes,"Manufacturing, Assembly, Repair and Test",Assembly,JUAN SERRANO,Mohamed Kamel,Succeeded,2023-06-15,2023-06-18,,,,,,"Could we use the PN 32753 for assembling Pump ser400 instead of PN 23977? 

The drawing include both PNs and the only difference is the material. If durability is better to go with 304; while not as hard as the 400 series steels, it offers superior corrosion resistance. Checking on Fusion, the most used PN is 23977, I think we should standardize all BOMs to this one, and do not see any issue on using 32753 and deplete this inventory:

•	11101-1001-00000023977, TUBE, COMP, PUMP, 400SER , SS304 
o	Is used in 279 pumps and GPUs from our database 

•	11101-1001-00000032753, TUBE,COMP,  PUMP,  400 SER, SS410
o	Is used only in following PNs:

Item	Item Description
11201-1002-00001068635	SPECTRUM PUMP, WD1100, #60 HSG, 110 STG, FLT, MONEL, CH, CSHB, AFLAS, HSG TYPE, STD, NI-RE TYPE-1
11201-1002-00001068636	SPECTRUM, PUMP, WD475, N, #100 HSG, 178 STG, FLT, STD, CH, CSHB
11201-1002-00001068637	SPECTRUM PUMP, WD475, #70 HSG, 124 STG, FLT, MONEL, CH, CSHB, AFLAS, HSG TYPE, STD, NI-RE TYPE-1
11201-1002-00001068638	SPECTRUM PUMP, WD725, #50 HSG, 99 STG, FLT, MONEL, CH, CSHB, AFLAS, HSG TYPE, STD, NI-RE TYPE-1
11201-1002-00001068639	SPECTRUM PUMP, WD725, #60 HSG, 119 STG, FLT, MONEL, CH, CSHB, AFLAS, HSG TYPE, STD, NI-RE TYPE-1
",,
TR-001330-F8K0P-230616,Latin America,Colombia,APC Colombia,Release of BOM,,Low (5 Working days),Resolved (Automatically),Yes,"Manufacturing, Assembly, Repair and Test",Assembly,JUAN SERRANO,Mohamed Kamel,Succeeded,2023-06-16,2023-06-18,,,,,,"Please Upload the BOM of the next item in Fusion, it is not available:

EquipmentPN	Description
11201-1302-00001067098	GAS SEPARATOR, VORTEX, 3B, SINGLE TANDEM, 538 SER, UHSS, FH, SSHB",,
TR-001331-R6C5L-230718,Latin America,Colombia,Ecopetrol,Update Description of PN,,Medium (3 Working days),Resolved (Automatically),Yes,"Manufacturing, Assembly, Repair and Test",Assembly,JUAN SERRANO,Mohamed Kamel,Succeeded,2023-07-18,2023-07-18,,,,,,"Following PN is a NV motor based on the BOM. However, the descriptino does not include it: 11201-1102-00001019220, SPECTRUM, MOTOR, 560 SERIES, XCeeD, UT, XT1, 60HZ, 391HP, 3549V, 66.4A, STD, CH, CSHB, PLUG-IN",,
TR-001332-V6B0D-230724,Middle East,Saudi Arabia,Saudi Arabian Oil Company (ARAMCO),Set ESP at 1.67 DLS,,Medium (3 Working days),Resolved,Yes,Application Engineering,Design / Optimization,Abdullah Jarfan,Abdullah Jarfan,Succeeded,2023-07-24,2026-01-20,2026-01-20,,,,,NEED TO CONFIRM THAT IT IS OK TO SET ESP @ 5100' WITH 1.67 DLS,,
TR-001333-S1X8H-230728,Latin America,Colombia,APC Colombia,Pitting Limitation for New Corroded Shafts,,Medium (3 Working days),Resolved,Yes,"Manufacturing, Assembly, Repair and Test",Inspection / Quality,JUAN SERRANO,Mohamed Kamel,Succeeded,2023-07-28,2026-01-20,2026-01-20,,,,,"We received some Motor Shaft with a a high corrosion status probably during the shipment.
Due to the recent needs, it's necessary to evaluate the availability to use it, but we would like a technical support with this.

Every Shaft have corrossion in diferent zones, so we would like to have support in every case than are presented in the next picture.

 

The question is How Much material lose is premisible to use in every afected zone than we have in the shafts.
In this moment is not possible to determinate the material loss, we have to polish the surface and review the affected zone after machining to compare the loss, and review if this is acceptable according to the parameter than you will advise us.",,
TR-001334-Y1B6L-230807,Africa,Egypt,KHALDA,Curves for 560 PMM Motor,,Medium (3 Working days),Resolved,,Application Engineering,APC Equipment,Ahmed ElKomy,Ahmed ElKomy,,2023-08-07,,,,,,,"I believe there is a mistake in the Curve for PMM motor 560 , as PF can't be more than 1 by any mean for LF less than 0.3",,
TR-001335-Q6G4R-230813,Africa,Egypt,Petrom,Housing Metrology,,Medium (3 Working days),Resolved (Automatically),Yes,Application Engineering,APC Equipment,Ahmed ElKomy,Ahmed ElKomy,Succeeded,2023-08-13,2023-08-15,,,,,,"Please can you define the housing metrology for the 3 cases , shown the adept calculations given as attached 

CR 1 - moderate aggressive fluid (H2S<1 g/l, CO2<1.2 g/l, Cl<200 g/l, PH 4-8
CR 2 - highly aggressive fluid  (H2S 1-1.2 g/l, CO2 1.2-1.4 g/l, Cl <200 g/l, PH 4-8
CR 3 - extremely aggressive fluid  (H2S>=1.2g/l, CO2>=1.4 g/l, Cl>=200 g/l, PH 3-9
",,
TR-001336-H6V5Z-230813,Africa,Egypt,Petrom,Suitable AR Type,,Medium (3 Working days),Resolved (Automatically),Yes,Application Engineering,APC Equipment,Ahmed ElKomy,Ahmed ElKomy,Succeeded,2023-08-13,2023-08-15,,,,,,"What is the suitable AR Type for the below criteria? 

AR 2 - fluids containing solids >= 400 mg/l up to 800 mg/l              ",,
TR-001337-Y8T5F-230825,Latin America,Colombia,APC Colombia - Free Zone,Review Item Structure PN 11201-1102-00001069498,,Medium (3 Working days),Resolved (Automatically),Yes,"Manufacturing, Assembly, Repair and Test",Assembly,JUAN CADAVID,Mohamed Kamel,Succeeded,2023-08-25,2023-08-27,,,,,,"Please review and adjust accordingly the BOM of the Finish Good PN 11201-1102-00001069498 which corresponds to a SPECTRUM MOTOR, 560, XCeeD, CT, XT3, 60HZ, 391HP, 1774V, 132.8A, HSS, FH, SSHB, SELF-LUB, NV. The BOM Calls for 3 HEADS, 2 BASES, 4 Nameplate, 14 Gallons of Oil, among other inconsistencies. This creates mistakes for quoting products to our clients.
",,
TR-001338-Y9X4K-230911,Kuwait,Kuwait,KOC Mega New,Chemical compatibility with EPDM & TFE/P,,Medium (3 Working days),Resolved,Yes,Field Service / Rig related,Troubleshooting,Mohammed Al - Jaberi,Mohammed Al - Jaberi,Noncompliant,2023-09-11,2026-01-20,2026-01-20,,,,,"Our client requested to perform chemical soaking & flushing for a well, these chemicals are suggested to be used for the first time and we do not know their probable effects on our system.",,
TR-001339-Q6P2B-230914,Latin America,Colombia,APC Colombia - Free Zone,Welding cords on HPS WM675 #230,,High (1 Working day),Resolved (Automatically),Yes,"Manufacturing, Assembly, Repair and Test",Assembly,JUAN CADAVID,Mohamed Kamel,Succeeded,2023-09-14,2023-09-17,,,,,,"Please provide information regarding the welding cords that need to be applied to the joint between the reinforcement ring and the housing of the pump WM675 PN 11201-5002-1001022094 SPECTRUM PUMP, WM675, N, #230 HSG, 23STG, CMP, FULL AR, UHS, CH, SSHB, REINFORCEMENT RING, RAL COATING. The drawing DN-00003013 Revision C do not specify if the welding is continuos or Spot weld. For the latter please provide lenght specifications.
Looking forward for your reply.
",,
TR-001340-N6Q2N-230914,Latin America,Colombia,APC Colombia - Free Zone,WM675 Shaft Extension in Head,,High (1 Working day),Resolved (Automatically),Yes,"Manufacturing, Assembly, Repair and Test",Assembly,JUAN CADAVID,Mohamed Kamel,Succeeded,2023-09-14,2023-09-17,,,,,,"During the assembly of the pump WM675 PN 11201-5002-1001022094 SPECTRUM PUMP, WM675, N, #230 HSG, 23STG, CMP, FULL AR, UHS, CH, SSHB, REINFORCEMENT RING, RAL COATING, all piece parts where conformant, however, after completing the assembly of the pump the Shaft Extension in Head is outside tolerances. Shaft measurement are:
Head: 1.322"" which is outside the tolerance established by the drawing. Max 1.292""
Base: 1.153"" which is within tolerances.
Axial: 0.144"" above minimum requirement 0.0156""
This pump will be installed in tandem for Wayra Project.
Please advice on:
1. Can we approve the pump extensions as they are?
2. Please provide the procedure for installation of the Retaining ring.
Thanks.",,
TR-001341-V9W0F-230920,Latin America,Colombia,APC Colombia,Review PN 11201-1202-1001020467,,Low (5 Working days),Resolved (Automatically),Yes,"Manufacturing, Assembly, Repair and Test",Assembly,JUAN CADAVID,Mohamed Kamel,Succeeded,2023-09-20,2023-09-25,,,,,,"Please review the BOM of the PN 11201-1202-1001020467 which corresponds to SPECTRUM ADVANCE, PROTECTOR, 540, BPBSL, HL, AR, UHS, CH, CSHB, UT&ST, SEVERE. 
The actual BOM contains parts with with Brass bushings (Base and Guide x2), and other are tungsten bushings (Guidex1 and Head).
Please review and adjust accordingly.",,
TR-001342-F0S7Z-231001,Latin America,Colombia,APC Colombia,Shim Motor 450 SER,,Low (5 Working days),Resolved (Automatically),Yes,"Manufacturing, Assembly, Repair and Test",Assembly,JUAN SERRANO,Mohamed Kamel,Succeeded,2023-10-01,2023-10-02,,,,,,"We have a doubt associated to following PN 11101-1101-00000020546, SHIM, MOTOR 450 SERIES.

The BOMs require the mentioned PN, however the MPP does not mention I (where is located or how to use it).

We appreciate your support if the shims are really required or could be eliminated from BOMs.
",,
TR-001344-S3T8P-231024,Kuwait,Kuwait,,Metallurgy Data,,Low (5 Working days),Resolved,Answered before,Application Engineering,APC Equipment,Sivakumar Nadarajan,Sivakumar Nadarajan,Noncompliant,2023-10-24,2023-10-31,2026-01-20,,,,,Request for Down Hole Equipment Metallurgy Data,,
TR-001345-H8C0T-231026,Latin America,Colombia,Alkhorayef Petroleum Co. Branch Free Zone,Update MPP for Calculation Methodof compression tube,,Medium (3 Working days),Resolved (Automatically),Yes,"Manufacturing, Assembly, Repair and Test",Assembly,JUAN CADAVID,Mohamed Kamel,Succeeded,2023-10-26,2023-10-29,,,,,,Please update the document Update the CALCULATION METHOD OF COMPRESSION TUBE LENGTH MPP and include the pump WD600MF,,
TR-001346-R4Y1V-231031,Kuwait,Kuwait,JO-APC Kuwait,Down Hole Equipment Metallurgy table,,Medium (3 Working days),Resolved,Yes,"Manufacturing, Assembly, Repair and Test",Inspection / Quality,Sivakumar Nadarajan,Mohamed Kamel,Succeeded,2023-10-31,2023-11-01,2023-11-01,,,,,"Please confirm the below-listed equipments are manufactured as per MS-039 Rev.C & MS-06 Rev.B.

1) PN#11201-1102-00001013244/SSHB - AS PER MS-039 Rev.C /HOUSING - AS PER MS-06 Rev.B.
2) PN#11201-1202-00001005136/SSHB - AS PER MS-039 Rev.C /HOUSING - AS PER MS-06 Rev.B.",,
TR-001347-X1F8M-231102,Kuwait,Kuwait,JO-APC Kuwait,Shaft Specifications & BHP Limit of Gas Separator & Seal,,Low (5 Working days),Resolved,Yes,"Manufacturing, Assembly, Repair and Test",Inspection / Quality,Sivakumar Nadarajan,Mohamed Kamel,Succeeded,2023-11-02,2023-11-02,2023-11-02,,,,,Kindly provide us the Shaft Specifications & BHP Limit of Gas Separator & Seal same as pump.,,
TR-001348-B6J9D-231103,Latin America,Colombia,APC Colombia,Update BOM of  11201-1202-00001600959,,High (1 Working day),Resolved (Automatically),Yes,"Manufacturing, Assembly, Repair and Test",Assembly,JUAN CADAVID,Mohamed Kamel,Succeeded,2023-11-03,2023-11-05,,,,,,"The description of the protector PN  11201-1202-00001600959 indicates that it should use a HSS shaft (SPECTRUM ADVANCE, PROTECTOR, 540, BPBSL, HL, AR, HS, FH, SSHB, UT, MB SHAFT SEAL, SEVERE, PMX), however the BOM of the calls for a shaft PN 11101-1201-00000014951
 which is a SHAFT 1.187, AR-HL, LBB, TOP MB SHAFT SEAL, SEVERE PROSEAL, 500 SERIES, MS-0004, which is an Inconel 718 - UHSS

PLease review the BOM and adjust accordingly.",,
TR-001349-T2F0B-231106,Latin America,Colombia,ALKHORAYEF PETROLEUM CO,PN 11201-1202-00001600961 Description Update,,Medium (3 Working days),Resolved (Automatically),Yes,"Manufacturing, Assembly, Repair and Test",Assembly,JUAN CADAVID,Mohamed Kamel,Succeeded,2023-11-06,2023-11-07,,,,,,"BOM of the PN 11201-1202-00001600961 calles for an HS Shaft as per the protector description ""SPECTRUM ADVANCE, PROTECTOR, 540, MPMPMSL, HL, AR, HS, FH, SSHB, LT, MB SHAFT SEAL, SEVERE, PMX""; however, the material of the shaft in the BOM calls for a UHSS shaft PN 11101-1201-00000014943 description ""SHAFT 1.187, AR-HL, LBBB, MB SHAFT SEAL, SEVERE PROSEAL, 500 SERIES, MS-0004""
Please review the protector description an update it accordingly.
",,
TR-001350-T9K6X-231110,Latin America,Colombia,APC Colombia,Review BOM PN 11201-1202-1001021957,,High (1 Working day),Resolved (Automatically),Yes,"Manufacturing, Assembly, Repair and Test",Assembly,JUAN CADAVID,Mohamed Kamel,Succeeded,2023-11-10,2023-11-12,,,,,,"Please review the BOM of the Protector PN 11201-1202-1001021957 description SPECTRUM ADVANCE, PROTECTOR, 540, BPBSL, BRZ-HL, ALL-AR, TOP AFLAS SHAFT SEAL, UT, SEVERE. This protector BOM do not calls for the 11101-1201-00000014385 GUIDE, TUBE LOWER, AR-HL, PROSEAL, 500 SERIES, MS-00070.
Please review the BOM in Fusion and update accordingly.",,
19052,Middle East,Saudi Arabia,Saudi Arabian Oil Company (ARAMCO),how to calculate thrust load manually as SubPump is not working it out,,Medium (3 Working days),Resolved (Automatically),Yes,Application Engineering,APC Equipment,Hussain BuAli,Hussain BuAli,Succeeded,2023-11-15,2023-11-15,,,,,,how to calculate thrust load manually as SubPump is not working it out,,
19052,Middle East,Saudi Arabia,Saudi Arabian Oil Company (ARAMCO),Total oil volume expansion,,Critical (6 Hours),Resolved (Automatically),Yes,Application Engineering,APC Equipment,Hussain BuAli,Hussain BuAli,Succeeded,2023-11-16,2023-11-16,,,,,,Total oil volume expansion for both systems (Motors 738HP/626Hp and tandem seals) at continues operation at 250 F and for worst case scenario at 400F.,,
TR-001352-L4Y2Y-231119,Middle East,Saudi Arabia,Saudi Arabian Oil Company (ARAMCO),Total oil volume expansion,,High (1 Working day),Resolved (Automatically),Yes,Application Engineering,Design / Optimization,Hussain BuAli,Hussain BuAli,Succeeded,2023-11-19,2023-11-20,,,,,,Total oil volume expansion double tandem 560Ser XT1 motor 391hp (total 782hp) with 540Ser BpBsL-BpBsL protectors and motor oil #5. at 250 F and 400 F temperatures.,,
TR-001353-D3W1C-231119,Middle East,Saudi Arabia,Saudi Arabian Oil Company (ARAMCO),Total oil volume expansion,,High (1 Working day),Resolved (Automatically),Yes,Application Engineering,Design / Optimization,Hussain BuAli,Hussain BuAli,Succeeded,2023-11-19,2023-11-20,,,,,,total oil volume expansion for double tandem 560Ser XT1 motor 313hp (total 626hp) with 540Ser BpBsL-BpBsL protectors and motor oil #5 with 250 F and 400 F temperatures.,,
TR-001354-T4J2X-231122,Latin America,Colombia,APC Colombia,Update BOM Structure PN 11201-1002-00001020310,,Low (5 Working days),Resolved (Automatically),Yes,"Manufacturing, Assembly, Repair and Test",Assembly,JUAN CADAVID,Mohamed Kamel,Succeeded,2023-11-22,2023-11-27,,,,,,"Please review an update the BOM of Pump PN 11201-1002-00001020310 with the following:
1. Include Lock Plates PN 11%12375 with two items per PN
2. Update the quantity of PN 1101-1001-00000037135 to 2 units because actual BOM calls for 6 units.
PLease review and update",,
TR-001355-F7B6P-231122,Latin America,Colombia,APC Colombia,Update BOM of Pump PN 11201-1002-00001020312,,Low (5 Working days),Resolved (Automatically),Yes,"Manufacturing, Assembly, Repair and Test",Assembly,JUAN CADAVID,Mohamed Kamel,Succeeded,2023-11-22,2023-11-26,,,,,,"Please review the BOM of the PMP PN 11201-1002-00001020312 to update the following:
1. Include Lock plates PN 11%12375 for two units
2. Update Set screw quantity of PN Item11101-1001-00000037135 by 2 units. Currently the BOM is calling for 6 units.
",,
TR-001356-J6H9D-231124,Latin America,Colombia,APC Colombia,Protector serie 400 lack of O-ring in head shipping cap,,Low (5 Working days),Resolved (Automatically),Yes,"Manufacturing, Assembly, Repair and Test",Assembly,JUAN CADAVID,Mohamed Kamel,Succeeded,2023-11-24,2023-11-28,,,,,,Please review the BOM of every protector series 400 (i.e. 11201-1202-00001067400 or 11201-1202-00001068467) which are not including the O-ring  %47227 which is installed in the head shipping cap (PN 12072). Please review the BOM and adjust in Oracle fusion so we improve the material procurement and issuance of materials to the work order.,,
TR-001357-N2D7K-231127,Middle East,Saudi Arabia,Saudi Arabian Oil Company (ARAMCO),Double tandem 560Ser XT1 motor 391hp (total 782hp) with 540Ser LsBpB-LsBpB protectors,,High (1 Working day),Resolved,Answered before,Application Engineering,Design / Optimization,Hussain BuAli,Hussain BuAli,Noncompliant,2023-11-27,2023-11-27,2026-01-20,,,,,Oil expansion for double tandem 560Ser XT1 motor 391hp (total 782hp) with 540Ser LsBpB-LsBpB protectors with motor oil #5,,
TR-001358-T3J0L-231127,Middle East,Saudi Arabia,Saudi Arabian Oil Company (ARAMCO),double tandem 560Ser XT1 motor 313hp (total 626hp) with 540Ser LsBpB-LsBpB protectors,,High (1 Working day),Resolved,Answered before,Application Engineering,Design / Optimization,Hussain BuAli,Hussain BuAli,Noncompliant,2023-11-27,2023-11-27,2026-01-20,,,,,Oil expansion for double tandem 560Ser XT1 motor 313hp (total 626hp) with 540Ser LsBpB-LsBpB protectors with motor oil #5,,
TR-001359-P4T6V-231128,Middle East,Saudi Arabia,Saudi Arabian Oil Company (ARAMCO),Using 540 series seal in tandem (BsB+BsB),,High (1 Working day),Resolved (Automatically),Yes,Application Engineering,Design / Optimization,Hussain BuAli,Hussain BuAli,Noncompliant,2023-11-28,2023-11-29,,,,,,"- Using 540 series seal in tandem (BsB+BsB) with 391 HP tandem motor (total 782 HP) in continues operation and in S/I with 400F.
- Using 540 series seal in tandem (BsB+BsB) with 313 HP tandem motor (total 626 HP) in continues operation and in S/I with 400F.",,
TR-001360-Y1K9H-231128,Middle East,Saudi Arabia,Saudi Arabian Oil Company (ARAMCO),Using 738 series LsL HS with 560 series motor,,High (1 Working day),Resolved,Yes,Application Engineering,Design / Optimization,Hussain BuAli,Hussain BuAli,Succeeded,2023-11-28,2026-01-20,2026-01-20,,,,,"- Using 738 series LsL+LsL HS with tandem motor 391 HP (total 782 HP) in continues operation and S/I with 400 F.
- Using 738 series LsL+LsL HS with tandem motor 313 HP (total 626 HP) in continues operation and S/I with 400 F.",,
TR-001361-B0R1D-231228,Middle East,Saudi Arabia,Saudi Arabian Oil Company (ARAMCO),Burst pressure for WP-1200 & WP-1000,,High (1 Working day),Resolved (Automatically),Yes,Application Engineering,Design / Optimization,Hussain BuAli,Hussain BuAli,Succeeded,2023-12-28,2024-01-03,,,,,,Burst pressure for WP-1200 & WP-1000 (Bowl type) Super duplex as the one mentioned in catalog is for housing type. there no burst pressure available for bowl type as we only use the bowl type with client's requirements.,,
TR-001362-Z7F4V-240109,Middle East,Saudi Arabia,Saudi Arabian Oil Company (ARAMCO),Burst pressure for WP-1200 & WP-1000 (Bowl type) Super duplex,,High (1 Working day),Resolved (Automatically),Yes,Application Engineering,Design / Optimization,Hussain BuAli,Hussain BuAli,Succeeded,2024-01-09,2024-01-09,,,,,,Burst pressure for WP-1200 & WP-1000 (Bowl type) Super duplex as the one mentioned in catalog is for housing type. there no burst pressure available for bowl type as we only use the bowl type with client's requirements.,,
TR-001363-D0M1S-240130,Latin America,Colombia,APC Colombia,Update BOM of PN 11201-1002-00001068878,,Low (5 Working days),Resolved (Automatically),Yes,"Manufacturing, Assembly, Repair and Test",Assembly,JUAN CADAVID,Mohamed Kamel,Succeeded,2024-01-30,2024-01-31,,,,,,"Please review the BOM of the PN 11201-1002-00001068878 SPECTRUM ADVANCE, GPX, D40, N, AR, UHS, CH, CSHB and update it including the Diffuser Lower (PN 11101-1001-00000026575 STATOR, LOWER, 400 SERIES, MS-0001),
",,
TR-001364-T9Q2V-240131,Latin America,Colombia,APC Colombia,Consider standarization of Motor Leak Test Pressure,,Low (5 Working days),Resolved (Automatically),Yes,"Manufacturing, Assembly, Repair and Test",Test,JUAN CADAVID,Mohamed Kamel,Succeeded,2024-01-31,2024-02-01,,,,,,"As per MPP, during motor assembly it is mandatory to perform an air leak test applying 40 psi to series 560 (SA-WI-MF-00153 step 3.18)  and 10 psi to series 450 (SA-WI-MF-00189 step 88) motors to ensure motor air tightness. However, some MPPs requires 10 psi for series 560 too (SA-WI-MF-00205 step 92).

This acceptance / rejection criteria is also perform by Operations before sending the motor to the well, however, they apply 70 psi to test air tightness in the motor (STL-IN-04). 

Can you please review and advice if we can standardize the pressure to be apply to all motor series and the pressure that should be apply both during assembly and motor setup before issuing the motor tp the well.",,
TR-001365-S8L4W-240210,Latin America,Colombia,APC Colombia - Free Zone,WM675 HPS Axial Play,,Critical (6 Hours),Resolved (Automatically),Yes,"Manufacturing, Assembly, Repair and Test",,JUAN CADAVID,N/A,Noncompliant,2024-02-10T09:00,2024-02-11T09:00,,,,,,"During assembly of a pump WM675 PN 11201-5002-1001022094 description 
SPECTRUM PUMP, WM675, N, #230 HSG, 23STG, CMP, FULL AR, UHS, CH, SSHB, REINFORCEMENT RING, RAL COATING, the maximum axial play obtained is of  0.126"" at 20 Ft-Lb. If torque is increased above this level, the shaft rotation starts to be restricted. On drawing the axial should be above 0.175"" (DN-00003313).
Please advice:
1. What is the minimum shaft play for this PN which uses Ni- Re stages?.
2. For the current assembly the 0.126"" axial play is acceptable?",,
TR-001366-F6G6Q-240211,Kuwait,Kuwait,KOC Mega New,13cr Tubing  with CS X-Coupling,,High (1 Working day),Resolved,Yes,Application Engineering,3rd party products and services,Wadhah Hussain.,Wadhah Hussain.,Succeeded,2024-02-11,2026-01-20,2026-01-20,,,,,"KOC has acquired 13Cr tubing and intends to install it. However, we have concerns regarding the compatibility of installing CS cross-coupling with 13Cr tubing (different metallurgy). We're unsure if there will be any adverse effects on the cross-coupling in terms of corrosion.",,
TR-001368-Q3J2P-240228,Africa,Egypt,Badr El Din Petroleum Co.,Premier Oil compatiblity  with APC equipment,,High (1 Working day),Resolved (Automatically),Yes,"Manufacturing, Assembly, Repair and Test",Inspection / Quality,Ahmed ElKomy,Mohamed Kamel,Succeeded,2024-02-28,2024-02-29,,,,,,"
We are connecting our equipment with Premier Motors,  We want to check if their oil will be completable with our #5 oil , 

i have attached their datasheet, along with viscosity curve for Premier and they have said that the oil is mineral.

 Appreciate your feedback.",,
TR-001369-T7C5Q-240228,Latin America,Colombia,FRONTERA ENERGY COLOMBIA CORP,Required to transform CT shaft from 287HP to 130HP size,,Medium (3 Working days),Resolved (Automatically),Yes,"Manufacturing, Assembly, Repair and Test",Assembly,JUAN SERRANO,Mohamed Kamel,Succeeded,2024-02-28,2024-02-29,,,,,,"There is no available PN for CT Motor in 130HP/3043V/26.2A. It is required to ttransform CT shaft from 287HP to 130HP size.
Raised Management of Change: CO-MOC-24-0004",,
TR-001370-D5Y0X-240229,Latin America,Colombia,APC Colombia,WM and WJ head and base Torque,,Low (5 Working days),Resolved (Automatically),Yes,"Manufacturing, Assembly, Repair and Test",Assembly,JUAN CADAVID,Mohamed Kamel,Succeeded,2024-02-29,2024-03-05,,,,,,"Can you please share the minimum torque that needs to be applied to the head and base of the pumps WJ and WM?
In order to standardize BMC MPP PRO-IN-004 which states the minimum and maximum torque to applied to each component, can you please share the Global MPP for reference. Thanks.",,
TR-001371-Q7H5R-240310,Africa,Egypt,ALKHORAYEF PETROLEUM CO,Temporary Replacement of Snap ring with heavy duty retaining ring in Protector assembly (400 series),,Critical (6 Hours),Resolved (Automatically),Yes,"Manufacturing, Assembly, Repair and Test",Assembly,Mohamed Barakat,Mohamed Kamel,Succeeded,2024-03-10,2024-03-10,,,,,,"Currently we’re facing a shortage of RETAINING, RING  EXT, 0.875 SHAFT (PN: 11101-2601-00000048110), which is critical for the assembly of 400 SER protectors, for this reason we’re requesting your technical evaluation for replacing them temporarily with HEAVY DUTY, EXTERNAL, SPIRAL RETAINING RING, 0.875"" SHAFT (PN: 11101-1001-00000043489) till the issue is resolved.
 
The replacement will take place at:
1.	Mechanical seals assembly (3 each for LBB & BBL configurations and 4 each for LsLsL configuration).
2.	Thrust bearing locking mechanism (1 each for all protector configurations).
",,
TR-001372-D1C7B-240419,Latin America,Colombia,APC Colombia,Update INTAKES BOM,,Medium (3 Working days),Resolved (Automatically),Yes,"Manufacturing, Assembly, Repair and Test",Assembly,JUAN CADAVID,Mohamed Kamel,Succeeded,2024-04-19,2024-04-21,,,,,,"In the last three weeks the nameplate for the Intake´s BOM is not included. Can you please review the BOM of the following Intakes and update it including the nameplate PN 11199-120100000040151  NAME PLATE, GAS SEP/INTAKE , SS (APC K.S.A.):
11201-1202-00001600357SPECTRUM, INTAKE, 400 SER PUMP TO 400 SER PROTECTOR, HS, SS
11201-1402-00001001596 SPECTRUM INTAKE, 562SER, HSS, SST 410 BODY
11201-1202-00001001971 SPECTRUM, INTAKE, 538 SER PUMP TO 540 SER PROTECTOR, HS, CS
11201-1202-00001011367 SPECTRUM, INTAKE, 513/538 PUMP TO 540 PROTECTOR, UHS, SSB
11201-1202-00001600363 SPECTRUM, INTAKE, 513/538 PUMP TO 540 PROTECTOR, UHS, CSB
11201-1402-00001067182 SPECTRUM, INTAKE, 513/538 SER PUMP TO 540 SER PROTECTOR, UHSS, SS",,
TR-001373-X5S2N-240419,Latin America,Colombia,APC Colombia,Update Gas Separators BOM,,Medium (3 Working days),Resolved (Automatically),Yes,"Manufacturing, Assembly, Repair and Test",Assembly,JUAN CADAVID,Mohamed Kamel,Succeeded,2024-04-19,2024-04-21,,,,,,"It has been observed that the namplate for GS are not included in the BOMs. The nameplate has the PN 11199-120100000040151 NAME PLATE, GAS SEP/INTAKE , SS (APC K.S.A.). Following are some examples of GS that do not show the nameplate:
11201-1302-00001068328 SPECTRUM, GAS SEPARATOR, 400 SERIES, VORTEX, 3B, TANDEM, UHS, FH, SSHB
11201-1302-00001067075 SPECTRUM, GAS SEPARATOR, VORTEX, 538 SERIES, 3B, SINGLE, UHS, CH, CSHB
11201-1302-00001068346 SPECTRUM, GAS SEPARATOR, 538 SERIES, VORTEX, 3B, TANDEM, UHS, FH, SSHB",,
TR-001374-H6B3T-240424,Latin America,Colombia,APC Colombia,Screw 7/16 for PMM Motors,,High (1 Working day),Resolved (Automatically),Yes,"Manufacturing, Assembly, Repair and Test",Assembly,JUAN CADAVID,Mohamed Kamel,Succeeded,2024-04-24,2024-04-25,,,,,,"As per PMM´s BOM is required to use PN 11101-2601-00000043645 CAP SCREW, 7/16""-20UNF-2A X 1.625""L, ANSI B18.3, MS-00099. However, BMC do not have an stock of this material. Could we use temporarily the PN 11101-2601-00000043003 SCREW, HEX-HEAD, 7/16""-20UNF-1-1/2""L, MS-00099.",,
TR-001375-M0N2Y-240424,Latin America,Colombia,APC Colombia,Update Base of PN 11201-1102-00001019998,,Low (5 Working days),Resolved (Automatically),Yes,"Manufacturing, Assembly, Repair and Test",Assembly,JUAN CADAVID,Mohamed Kamel,Succeeded,2024-04-24,2024-04-28,,,,,,"The BOM of the motor PN 11201-1102-00001019998 is calling the BASE PN 11101-1101-00000022058 (BASE ASSEMBLY, MOTOR,  450 SERIES, MS-00039) however, it should be the new PN which is 11101-1101-00000026081 (BASE SUB-ASSEMBLY, HIGH POWER MOTOR, 450 SERIES, MS-00039). Can you please review and adjust accordingly.
 ",,
TR-001377-W2X9J-240515,Middle East,Saudi Arabia,Abdullah N. Al-Mousa Est.,ESP System for RYDH Water Well,,High (1 Working day),Resolved (Automatically),Yes,Application Engineering,APC Equipment,Abdullah Jarfan,Abdullah Jarfan,Succeeded,2024-05-15,2024-05-16,,,,,,"The below system will be installed in one of our shallow water wells in Riyadh (1200-1500 ft), let me know if any concerns on the proseal selection as it will be 540 series with 3 chambers (single not tandem), in terms of load capability and oil expansion.

Motor temperature is around 150-160 F

Type	Description	QTY
Pump	SPECTRUM, PUMP, WN1050A, N, #80 HSG, 8 STG, CMP, STD, CH, CSHB, II, IDI, MNL COAT	1
Adaptor	Adaptor from 738 series to 540 series	1
Proseal	SPECTRUM, PROTECTOR, 540 SERIES, BPBSL, HL, AR, HS, FH, SSHB	1
Motor	SPECTRUM, MOTOR, 560 SERIES, XCeeD, UT, XT2, 60HZ, 450HP, 3720V, 73.5A, STD, FH, SSHB, TAPE-IN	1

",,
TR-001378-B7H7F-240604,Africa,Egypt,ALAMEIN PETROLEUM COMPANY,HCL on ESP material,,High (1 Working day),Resolved (Automatically),Yes,Application Engineering,APC Equipment,Ahmed ElKomy,Ahmed ElKomy,Succeeded,2024-06-04,2024-06-05,,,,,,"What is the maximum allowable safe HCL percentage of ESP Meteorology? as the customer wants to do chemical back wash using HCL 

1- Aflas Elastomer 
2- FER Housing 9 CR  , Stainless steel head and base ",,
TR-001379-X9N8V-240621,Latin America,Mexico,PETROLEOS MEXICANOS,Cable information,,Medium (3 Working days),Resolved,Yes,Application Engineering,3rd party products and services,SEBASTIAN IZQUIERDO,SEBASTIAN IZQUIERDO,Noncompliant,2024-06-21,2026-01-20,2026-01-20,,,,,"Maximum tension levels in psi 
Maximum pressure levels in psi 

For our power cables. The request is for the following reference:
11201-1702-00001069168	SPECTRUM MLE,550/560 SERIES, F, 450F, #4/KEL, 5KV, MNL, PLUG-IN, NI-RESIST, 120FT
11299-1501-00000405810	SPECTRUM CABLE-400F-RO-5KV-#1-BareSldCo-EPDM/LD-EPDM-GS
11299-1501-00000405744	SPECTRUM CABLE, 5, F, 450F, #1/01, EL, 5KV, GS
",,
TR-001380-Z7T3T-240626,Middle East,Saudi Arabia,Saudi Arabian Oil Company (ARAMCO),Fluid Velocity more than 15 ft/s,,Low (5 Working days),Resolved,Yes,Application Engineering,Design / Optimization,Abdullah Jarfan,Abdullah Jarfan,Succeeded,2024-06-26,2026-01-20,2026-01-20,,,,,"I was doing a design for JLDI field with 9-5/8 casing and the needed pump is WM-675. I used tandem motors 560 series and 738 tandem seals and to cross check the fluid velocity I changed the motor to 740 series and the maximum fluid velocity turned to be 16 ft/sec. How would that affect the seal section and the MLE and is it acceptable? What is the maximum allowable fluid velocity on the Motor section and on the MLE? Taking into consideration that the pump is 7.862"" OD so even if I changed the seal to 540 series it will have the same effect on the pump section for the MLE",,
TR-001382-L3M4L-240701,Middle East,Saudi Arabia,Saudi Arabian Oil Company (ARAMCO),Maximum Ph level for ESP,,High (1 Working day),Resolved (Automatically),Yes,Application Engineering,APC Equipment,Hussain BuAli,Hussain BuAli,Succeeded,2024-07-01,2024-07-01,,,,,,"What is the maximum Ph or Ph limitations for ESP equipment to be handled.
(For FH and 13 Cr)",,
TR-001383-N9X9G-240813,Africa,Egypt,Alkhorayef Petroleum Factory For Electrical Submersible Pumps,Flush & Test procedures request for all DHE,,High (1 Working day),Resolved (Automatically),Yes,"Manufacturing, Assembly, Repair and Test",Test,Mohamed Barakat,Mohamed Kamel,Succeeded,2024-08-13,2024-08-14,,,,,,"we need to create a flush and test for all DHE based on engineering criteria in accordance with what can be done, and can't as the client need to go with this option in some cases, but this has to be through the right channels which are STD procedures.",,
TR-001384-Q6V4F-240813,Latin America,Colombia,GEOPARK COLOMBIA S.A.S.,Maximum deviation of current leakage between phases in Power cables as an acceptance criteria,,Medium (3 Working days),Resolved,Yes,"Manufacturing, Assembly, Repair and Test",3rd party products and services,SEBASTIAN IZQUIERDO,Mohamed Kamel,Succeeded,2024-08-13,2026-01-20,2026-01-20,,,,,"Geopark, the second main customer in Colombia is requesting a more challening acceptance criteria in terms current leakage in power cables initially for used cable, but also for new ones. The standard normally call for an specific number depending on the conductor size, insulation, Voltage rating in micro amps/kv/kft however they want also to include a new criteria.... microamps unbalance between phases, that means to propose even within acceptable range... a maximum deviation between phases in terms of current leakage",,
TR-001385-P7S9S-240902,Africa,Egypt,Badr El Din Petroleum Co.,overload abnormal trips,,High (1 Working day),Resolved,Yes,Field Service / Rig related,Troubleshooting,Ahmed ElKomy,Ahmed ElKomy,Succeeded,2024-09-02,2026-01-20,2026-01-20,,,,,"ESP keeps tripping on motor OL once the well starts return on surface , this is the 2nd ESP installation for the same well to face this issue

Please we need support before next WO.

Please follow this PPT for more details :
https://alkhorayefcrm-my.sharepoint.com/:p:/g/personal/omostafa_alkhorayef_com/EZfTdNmnDcxMuBUnXEpPPfoBFSPeSAFJlQLyTiZ5oRS2kw?e=jwQo1Y",,
TR-001386-B2W8Y-241001,Africa,Egypt,Khalda Petroleum Co.,Induction motors temp rating,,High (1 Working day),Resolved,Yes,Application Engineering,APC Equipment,Mohamed Sirelkhatim,Mohamed Sirelkhatim,Noncompliant,2024-10-01,2026-01-20,2026-01-20,,,,,"I would like to request technical guidance on managing motor temperature ratings and load in design and operation stages, as our catalog specifies a 404°F for motor winding temp as rating, how we can determine the maximum operating winding temp without affecting the motor run life, and how to set the alarms accordingly. And also request for a document with the same to be shared with the customers",,
TR-001387-Y3B8G-241001,Africa,Egypt,KHALDA,Double seal plug,,Medium (3 Working days),Resolved (Automatically),Yes,"Manufacturing, Assembly, Repair and Test",Assembly,Mohamed Sirelkhatim,Mohamed Kamel,Succeeded,2024-10-01,2024-10-03,,,,,,"I am asking about the use of the double plug seal in our ESP protector systems. Could you please confirm whether we currently utilize this sealing mechanism in our operations? Additionally, if we are not using it, could you advise whether it would be suitable for our applications, particularly in high-pressure and high-temperature environments, where enhanced fluid migration prevention and motor protection are critical? one of our biggest customers is asking about this",,
TR-001388-Q9W3H-241007,Africa,Egypt,ALAMEIN PETROLEUM COMPANY,Compatibility of this chemical with the ESP,,Critical (6 Hours),Resolved,Yes,Application Engineering,3rd party products and services,Ahmed ElKomy,Ahmed ElKomy,Noncompliant,2024-10-07,2026-01-20,2026-01-20,,,,,"the client wants to do a backwash for the ESP using the attached data sheet for the acid

Please note that the HCL concentration in the proposed ESP Backwash Treatment is 10% after dilution.",,
TR-001389-F5W8R-241108,Latin America,Colombia,GEOPARK COLOMBIA S.A.S.,Inverted application for geopark,,Medium (3 Working days),Resolved,Yes,Application Engineering,APC Equipment,SEBASTIAN IZQUIERDO,SEBASTIAN IZQUIERDO,Succeeded,2024-11-08,2026-01-20,2026-01-20,,,,,water injection using Y-tool . Water will be injected trhough the anulus and pump fluid will be redirected trhough the y-tool to the well.,,
TR-001390-F5C1S-241108,Latin America,Ecuador,WAYRAENERGY S.A.S,ESP in deviated wells,,Low (5 Working days),Resolved (Automatically),Yes,Application Engineering,APC Equipment,SEBASTIAN IZQUIERDO,SEBASTIAN IZQUIERDO,Succeeded,2024-11-08,2024-11-10,,,,,,Ecuador is asking the maximum deviation that can be handled by standard ESP,,
TR-001391-P4M9X-241110,Africa,Egypt,KHALDA,"New Proseal configuration, 6-Champers",,Critical (6 Hours),Resolved (Automatically),Yes,"Manufacturing, Assembly, Repair and Test",Assembly,Mohamed Sirelkhatim,Mohamed Kamel,Succeeded,2024-11-10,2024-11-10,,,,,,"Following our client’s request to meet their demand for Proseals at their warehouse as consignment stock, and to address seal-seal shimming challenges across multiple wells as there will be no design data at the time of request, the client has proposed to start using 6-chamber seals (PS-LsBpBsLsBsB)",,
TR-001392-N1D9L-241111,Africa,Egypt,PETROSHAHD Company,Maximum Hz for the induction Motor,,Low (5 Working days),Resolved (Automatically),Yes,Field Service / Rig related,Troubleshooting,Ahmed ElKomy,Ahmed ElKomy,Succeeded,2024-11-11,2024-11-11,,,,,,Please we need to know the maximum and minimum frequency that our induction motor can operate safely,,
TR-001393-V8M4K-241117,Africa,Egypt,Badr El Din Petroleum Co.,HP Limitation for the Pump,,High (1 Working day),Resolved,Yes,Field Service / Rig related,Troubleshooting,Ahmed ElKomy,Ahmed ElKomy,Succeeded,2024-11-17,2024-11-18,2024-11-18,,,,,"Does the Shaft HP Limitation changes by changing the Pump speed ? 

for example, Shaft of HSS 0.688 inches, ha a limitation of 200 HP @3600 RPM, what if it rotates on 6600 RPM ? while it increase lineary ?",,
TR-001394-Z6M1L-241117,Africa,Egypt,Ukranafta,Reverse direction - high loading,,High (1 Working day),Resolved (Automatically),Yes,Field Service / Rig related,Commissioning,Ahmed ElKomy,Ahmed ElKomy,Succeeded,2024-11-17,2024-11-18,,,,,,"The customer is doing a commission for our pump and he is asking why the load in the reverse direction is 90% from the loading while the right direction is like 40% of loading, he is claiming that it is a hug difference compared with other vendors like BH.
He wants to know the reason for such a big difference",,
TR-001395-V2B9J-241118,Africa,Egypt,ALAMEIN PETROLEUM COMPANY,HCL concentration on the ESP,,High (1 Working day),Resolved,Yes,"Manufacturing, Assembly, Repair and Test",Inspection / Quality,Ahmed ElKomy,Mohamed Kamel,Succeeded,2024-11-18,2026-01-20,2026-01-20,,,,,"HCL concentration in the proposed Acid Stimulation is ±10% after dilution. The proposed job will be performed with the ESP in the wellbore.
Please can you confirm if the attached Proposal is safe on the ESP",,
TR-001396-G5L5M-241118,Africa,Egypt,Khalda Petroleum Co.,Cotton Tap Replacement in the Splice,,High (1 Working day),Resolved,Yes,Field Service / Rig related,Installation,Ahmed ElKomy,Ahmed ElKomy,Succeeded,2024-11-18,2026-01-20,2026-01-20,,,,,"The customer, in the last DIFA report, requested discontinuing the use of cotton tape in the MLE pothead splice due to negative experiences. They noted that the tape crumbles under high temperatures, as shown in the attached photo. Do we have any alternative options for cotton tape?",,
TR-001397-D6G3G-241119,Latin America,Ecuador,WAYRAENERGY S.A.S,Reference of maximum solids size (mm or ppm) that can be hanled by a pump series,,Medium (3 Working days),Resolved,Yes,Application Engineering,APC Equipment,SEBASTIAN IZQUIERDO,SEBASTIAN IZQUIERDO,Noncompliant,2024-11-19,2026-01-20,2026-01-20,,,,,Is there any general document that specify more or less the maximum solid size that our pumps can handle depending on the sizes?,,
TR-001398-S4K1Y-250109,Africa,Egypt,AGIBA,Cable Selection Procedure,,High (1 Working day),Resolved,Yes,Application Engineering,APC Equipment,Ahmed ElKomy,Ahmed ElKomy,Noncompliant,2025-01-09,2026-01-20,2026-01-20,,,,,"The customer needs written Selection criteria for Cable selection along with ampacity chart, cable temperature rise curves, selected cable OD , n order to be technically evaluated against
industry standards, API-11S4 and API-11S5.",,
TR-001399-C8N6P-250206,Latin America,Ecuador,WAYRAENERGY S.A.S,Check for maximum well deviation,,High (1 Working day),Resolved (Automatically),Yes,Application Engineering,Design / Optimization,SEBASTIAN IZQUIERDO,SEBASTIAN IZQUIERDO,Noncompliant,2025-02-06,2025-02-21,,,,,,"There is a customer need to install a well at 75 degrees of deviation 0 DLS. It seems is doable, but better to ask.
500 series equipment (""2 100 hs pumps,intake,tandem protectos BPBSL, 330HP motor. More details in a separate email",,
TR-001400-F1W8Z-250523,Latin America,Colombia,GEOPARK COLOMBIA S.A.S.,Spectrum VSD IOM,,Low (5 Working days),Resolved (Automatically),Yes,Field Service / Rig related,Installation,SEBASTIAN IZQUIERDO,SEBASTIAN IZQUIERDO,Succeeded,2025-05-23,2025-05-25,,,,,,"Installation, maintenance and troubleshooting manual for v2 and v3 VSD",,
17230,Africa,Egypt,ALKHORAYEF PETROLEUM CO,Gas Separator Trim by 1\16'',,Medium (3 Working days),Resolved (Automatically),Yes,"Manufacturing, Assembly, Repair and Test",Machining,Mohamed Barakat,Mohamed Kamel,Succeeded,2025-06-18,2025-06-23,,,,,,"we need to trim 1\16'' from OD of 538 series Gas Separator to meet the casing size limitation of PETOROBEL client to keep the maximum OD is 5.875 (GS & MLE). 

the casing size is 7'' Inch OD \ weight 32 Bound \ 6.094'' ID

already we have discussed before with R&D and some trials starting from 2020 till recent have been done successfully without any related failure.",,
TR-001401-L7B4W-250624,Africa,Egypt,Al Khorayef Comercial Co.,Xylene Limitations in ESP backwash,,Medium (3 Working days),Resolved (Automatically),Yes,Field Service / Rig related,3rd party products and services,Mohamed Barakat,Mohamed Barakat,Succeeded,2025-06-24,2025-06-26,,,,,,"clients do diesel & xylene backwash a lot to overcome plugging caused by hydrocarbons, but xylene is harmful to ESP.
They want our recommendations for the safe percentages of xylene, concentration, and soaking time.",,
TR-001402-N0B4X-250702,Africa,Egypt,FORTE,Pump Configuration,,Medium (3 Working days),Resolved,Yes,Application Engineering,APC Equipment,Ahmed ElKomy,Ahmed ElKomy,Noncompliant,2025-07-02,2026-01-20,2026-01-20,,,,,"What's the best Pump Configuration for the below fluid content ? ( Floater/Compression ) ( NI Type 1 or higher ) ( STD AR - Full AR) 

also do we have a standard or a reference for the selection of the above ? 

 Sulfate-Reducing Bacteria: 10 to 10⁶ cells/mL  Mechanical Impurities: 300 to 1500 mg/L  pH of Associated Water: 5.7 - 6.8  Mass Concentration of Solid Particles: 300 to 1500 mg/L  Microhardness of Particles: up to 7 on the Mohs scale  Associated Water Content: up to 99%  Medium Temperature: up to 120°C",,
TR-001403-N4L6B-250729,Africa,Egypt,Total - Ughanda,Data Sheet for DH equipment - Total Tender,,Medium (3 Working days),Resolved (Automatically),Yes,"Manufacturing, Assembly, Repair and Test",Assembly,Ahmed ElKomy,Mohamed Kamel,Succeeded,2025-07-29,2025-07-29,,,,,,"Please i need a data sheet that includes the following for the attached equipment list

for Conventional and Rigless ESP 
Data Sheet	""Datasheet in PDF for each equipment Showing:
-Wokring pressure
-Material of body and connection
-Connection details
-Working temperature
-Tension Rating 
-Compression Rating
-Dimensions etc""

and the assembly drawings for the Rigless ESP only

Assembly Drawing	""Full Artificial lift Assembly Drawing in PDF showing:
-Dimensions of each equipment
-Part number of each equipment
-Description of each equipment
-Accessories/Spare parts(e.g screws, washers,discharge line etc)",,
TR-001404-L9P7K-250820,Middle East,Saudi Arabia,Saudi Arabian Oil Company (ARAMCO),Criteria for ESP Shut-in with Natural Flow,,Low (5 Working days),Resolved,Yes,Application Engineering,Design / Optimization,Ali AlHassan,Ali AlHassan,Succeeded,2025-08-20,2026-01-20,2026-01-20,,,,,"Dear Technical Hub,

Following APC’s recommendations for injection thru tubing based on % of BEP (0–20% accepted, 20–40% not accepted, 40–100% accepted), could you please advise if the same acceptance criteria applies when the ESP is shut-in but natural production continues to pass through the tubing?",,
TR-001406-Q4R4G-250821,Africa,Egypt,Tilenga,Tension & Compression limits,,High (1 Working day),Resolved (Automatically),Yes,"Manufacturing, Assembly, Repair and Test",Tooling and equipment,Ahmed ElKomy,Mohamed Kamel,Succeeded,2025-08-21,2025-08-21,,,,,,what's  Compression limits for 400 series equipment and 338 series equipment in Lbs,,
TR-001407-L4T1C-250910,Middle East,Saudi Arabia,Saudi Arabian Oil Company (ARAMCO),SUBPUMP PUMP & MOTOR IMPORT FILE,,Medium (3 Working days),Resolved,Yes,Application Engineering,APC Equipment,Ali AlHassan,Ali AlHassan,Noncompliant,2025-09-10,2026-01-20,2026-01-20,,,,,"Dear APC Technical Team,

We kindly request your support to provide the SubPump pumps and motors import file. This file is required for submission to Aramco.
Appreciate your assistance in preparing and sharing the most updated version.

Regards.
Ali",,
TR-001409-S9K8K-251022,Africa,Egypt,Total - Ughanda,Inconel bolts,,High (1 Working day),Resolved,Yes,"Manufacturing, Assembly, Repair and Test",Assembly,Ahmed ElKomy,Mohamed Kamel,Succeeded,2025-10-22,2026-01-20,2026-01-20,,,,,"Total is asking if we can use Inconel Bolts instead of Monel k500 , what type of Inconel can we provide  ? also do you have the Capacity ( LBS)  for each bolt size ? ( 338 , 400 , 500 Series )",,
TR-001410-B9F5J-251029,Middle East,Saudi Arabia,Saudi Arabian Oil Company (ARAMCO),Gassy Well,,High (1 Working day),Resolved (Automatically),Yes,Application Engineering,Design / Optimization,Abdullah Jarfan,Abdullah Jarfan,Succeeded,2025-10-29,2025-11-02,,,,,,"During design a well with high gasses, facing error in subpump and showing incorrect percent of gas into the pump after adding GPX/ GPU.",,
TR-001412-N7R5Z-251210,Africa,Egypt,Khalda Petroleum Co.,Recommendation for Start-up ESP with ESP PKR,,High (1 Working day),Resolved (Automatically),Yes,Field Service / Rig related,Commissioning,Ahmed ElKomy,Ahmed ElKomy,Succeeded,2025-12-10,2025-12-10,2025-12-10,,,,,Is there any recommendation or common practice for ESP Start up with ESP PKR ?,,
TR-001413-K4M2Q-260126,Middle East,Saudi Arabia,SAUDI ARABIAN OIL COMPANY (ARAMCO),Technical Clarification Required – Additional Head Displayed in SubPump for GPX Gas Handler,,Medium (3 Working days),Resolved,Yes,Application Engineering,Design / Optimization,Mohammed Khaleeluddin,Mohamed Kamel,Succeeded,2026-01-26T10:54,2026-01-27T12:15,2026-01-27T14:03,,,,,"Dear Technical Hub Team,
I would like to raise a technical concern regarding the ESP design for the ABQQ well, specifically related to the GPX G70 gas handler included in the design.
During the design review, Aramco has requested clarification on the additional head (150–200 psi) that appeared in the SubPump software when the GPX G70 gas handler is utilized. Aramco has suggested that this increase in head may exceed deadhead pressure limitation at surface.
Their concern revolves around whether this pressure is actual lift head generated by the gas handler or only pump itself.
To communicate back to Aramco confidently, we request a brief official technical clarification from the Technical Hub that:
•	If 150–200 psi seen in SubPump is generated by gas handler. And if gas handler generates additional head.
•	GH does not increase WHP, DH, or discharge pressure.",,
TR-001414-C0B1M-260309,Latin America,Colombia,ALKHORAYEF PETROLEUM COLOMBIA,Galvanized steel armor for splice,,Medium (3 Working days),Resolved,Yes,Field Service / Rig related,Tooling and consumables,SEBASTIAN IZQUIERDO,Mohamed Kamel,Succeeded,2026-03-09,2026-03-10,2026-03-10,,,,,"Validation of local galvanized steel armor for splice. 
Sent specific requirements to check.",,
TR-001416-S0W2Z-260405,Africa,Egypt,Khalda Petroleum Co.,Thrust load Capacity Limits,,Medium (3 Working days),Resolved,Yes,Application Engineering,Design / Optimization,Ahmed ElKomy,Mohamed Kamel,Succeeded,2026-04-05T15:18,2026-04-06T09:00,2026-04-13T09:00,Engineering clarifications,,,,"According to Release # TB035 for Thrust Bearings Application Guidelines, the limits listed in Table 1 are specified at 60 Hz. Is there a linear or non-linear relationship between the maximum thrust load and running frequency?

For example, if the thrust load capacity is 27,500 at 60 Hz, how does it vary with frequency?",,
TR-001419-J8N6W-260414,Middle East,Saudi Arabia,Saudi Arabian Oil Company (ARAMCO),Cable Deployed System Proposal,,Medium (3 Working days),Resolved,Yes,Application Engineering,Advanced ESP Design,Hussain BuAli,Mohamed Kamel,Succeeded,2026-04-14T11:04,2026-04-15T14:06,2026-04-15T15:01,Engineering clarifications,,,,"I have a request from the client to propose and explain more about the cable deployed system. In addition, they've requested to provide a detailed/ animated video about the product",,
TR-001425-R8R0D-260416,Kuwait,Kuwait,KOC ESP New project - 25063781,ESP Shear Rate,,Medium (3 Working days),Resolved,Yes,Application Engineering,APC Equipment Specification,Wadhah Hussain.,Mohamed Kamel,Succeeded,2026-04-16T18:02,2026-04-20T18:58,2026-04-20T21:00,Engineering clarifications,,,,"Kindly note that a study is being conducted for polymer injection in wells.
Could you provide the expected shear rate value for your ESP system?
The above request is from the client (KOC).",,
TR-001426-V0H2D-260416,Latin America,Colombia,PAREX RESOURCES COLOMBIA LTD,Low insulation after Ilead splice with STD power cable (Reel 1) in high humidty conditions and rain.,,Critical (6 Hours),Resolved,Yes,Field Service / Rig related,Installation,SEBASTIAN IZQUIERDO,Mohamed Kamel,Succeeded,2026-04-16T18:01,2026-04-16T18:58,2026-04-16T19:03,Operational job is in progress (Rig Up / Running),,Yes,,"Splice was performed in high humidity conditions 83% but within the limits recommended in the prcocedure (No rain and max 85%).

Equipment was assembled and  the splice Ilead cable was done and suddenly heavy rain started. Electrical measurments were taken after 1 joint 149Mohms. Dar:4.43, Pi: 1.73 at 10 pm 15-04.

 Installed equipment:

Pumps: WE11000 51 stg x3 FH UHSS
Gas Separator: STD 6B FH UHSS
Protectors: Metal bags, metal bellows seal MPMPMSL UHS FH AR HL / LSMPMPM, UHS FH AR UHL
Motors: 3x 391HP/1454V161A FH
Ilead: AWG#2 PN: 11201-1702-00001980017, UMH: 11201-1102-00001306169
Cable: AWG2 2CT GS 2 reels. Reel 1 (3000+3000 Ft), Reel 2: 3500ft

Electrical readings in the operating base:
Motor upper: 44.6Gohms with UMH
Motor Ct: 38.1Gohms
Motor LT: 16.3 Gohms
Ilead: more than 100 Gohms
Cable: average of 45 Gohms between phases, 20 Gohms to groound
Measuremnts after Ilead connection: 0.7Ohms balanced, 10.5Gohms


First measuremnt after splice from power cable was done at 10pm, 15-04 and currently we are waiting better condiitons. We think that the weather conditions are impacting. Eventhough if we cut, we need to wait to replace the components in better conditions. 
Measurements from power cable at 16-04 at 6am with 95% of humidity and still raining improved to 220Mohm. DAR1.52, IP:1.56",,
TR-001427-C1R1B-260507,Middle East,Saudi Arabia,Saudi Arabian Oil Company (ARAMCO),Field service PMM operational procedure,,Critical (6 Hours),Resolved,Yes,Field Service / Rig related,Installation,Mohammed Khaleeluddin,Mohamed Kamel,Succeeded,2026-05-07T11:49,2026-05-07T12:25,2026-05-07T12:59,Operational job is in progress (Rig Up / Running),,,,"Have any modifications or additions been made to the Field Service Program specifically for PMM operations, including installation, cable splicing, commissioning, troubleshooting, and pulling out of the hole (POOH), to protect operators from arc flash risk?",,
TR-001428-N9L9K-260510,Middle East,Saudi Arabia,Saudi Arabian Oil Company (ARAMCO),Slimline ESP tandem PMM motor,,Medium (3 Working days),Resolved,Yes,Application Engineering,Advanced ESP Design,Hussain BuAli,Mohamed Kamel,Succeeded,2026-05-10T11:34,2026-05-10T12:03,2026-05-10T13:00,Engineering clarifications,,,,Is it possible to have tandem PMM motors?,,
TR-001429-K6C2D-260510,Middle East,Saudi Arabia,Saudi Arabian Oil Company (ARAMCO),Slimline ESP PMM motor,,Medium (3 Working days),Resolved,Yes,Application Engineering,Advanced ESP Design,Hussain BuAli,Mohamed Kamel,Succeeded,2026-05-10T11:32,2026-05-10T11:38,2026-05-10T12:04,Engineering clarifications,,,,What is the maximum limitation of slimline PMM motor deration?,,
TR-001430-H7Y7D-260513,Middle East,Saudi Arabia,Arabian Gulf Oil Company,Mix and match two pump configurations,,Medium (3 Working days),Resolved,Yes,Application Engineering,APC Equipment,Abdullah Jarfan,Mohamed Kamel,Succeeded,2026-05-13T09:03,2026-05-13T09:07,2026-05-13T10:00,Engineering clarifications,,,,In case of two pumps 1 floater and 2nd Compression what will be the right arrangments,,
TR-001431-S2P4F-260514,Middle East,Saudi Arabia,SAUDI ARABIAN OIL COMPANY (ARAMCO),ESP passing through high dog leg,,Medium (3 Working days),Resolved,Yes,Application Engineering,Design / Optimization,Mohammed Khaleeluddin,Mohamed Kamel,Succeeded,2026-05-14T16:09,2026-05-15T07:57,2026-05-15T09:00,Engineering clarifications,,,,"Received new well design request ABQQ-459.  There is high dog leg 6.06 deg/100ft at 2796ft MD and Pump setting depth-4850ft . Casing- 7"" #26 .Is it safe to run the ESP through this high dog leg and setting the pump at 4850 ft .
Pump - 538 ser WE5500 /31 stgs , Proseal - 540 series , Motor - 560 ser  .Packer 7"" .  I will share the RMD data and deviation survey .Kindly let me know if any further documents or information needed.",,
TR-001432-C5B4H-260518,Middle East,Saudi Arabia,Saudi Arabian Oil Company (ARAMCO),Client requested 738 ser proseal in combination with 562ser pump,,Medium (3 Working days),Resolved,Yes,Application Engineering,Technical Design Solutions,Mohammed Khaleeluddin,Mohamed Kamel,Succeeded,2026-05-18T14:09,2026-05-19T15:40,2026-05-19T16:00,Engineering clarifications,,,,"MHWZ-49 new water well design requested by client. Client has requested to replace 540 ser proseal with 738 ser proseal. The proposed proseal was 3 chambered BPBSL in tandem . Motor utilized is 540 ser XT1 287hp in 3 tandem and the pump is 562 ser WH-15000/74 STGS.
We have not installed 738 ser proseal with 562 ser pump before. As per our information there is no intake from 562 ser pump to 738 ser proseal nor the adaptor.

Kindly advise if 562ser pump -738 ser proseal combination is possible or not. If not , advise if 540 ser proseal is suitable for this application so as to convince client technically.
I will share additional design information by email.",,
TR-001436-H4W2F-260609,Kuwait,Kuwait,KOC-APC Kuwait,Minimum Housing Thickness (Motor & Sensor),,Low (5 Working days),Resolved,Yes,"Manufacturing, Assembly, Repair and Test",Dismantle proccess,Wadhah Hussain.,Mohamed Kamel,Succeeded,2026-06-09T18:43,2026-06-10T00:35,2026-06-10T10:00,Engineering clarifications,N/A,N/A,N/A,"Request your technical guidance regarding the decontamination process for NORM‑affected ESP equipment, specifically for the motor and downhole sensor, where machining (milling) of the housing is being considered to remove contaminated layers.

In case milling is applied, please clarify:
The minimum allowable remaining wall thickness for:

ESP Motor housing
ESP Sensor housing","Please be informed that below reply is not an agreement for use milling as de contamination method that's only reply on inquiry

Minimum Allowable Remaining Wall Thickness
- 65% of original wall thickness for both motor and sensor housings ",
TR-001435-S9D9X-260607,Kuwait,Kuwait,KOC ESP New project - 25063781,300 SER protector thrust load capacity,,Low (5 Working days),Resolved,Yes,Application Engineering,APC Equipment Specification,Wadhah Hussain.,Mohamed Kamel,Succeeded,2026-06-07T09:09,2026-06-08T14:51,2026-06-08T14:59,Engineering clarifications,,,,"We would appreciate your guidance on the following points:

1- The HL Thrust Bearing Capacity Limits of the 300 SER protectors.
2- Differences in thrust capacity across 300 series protector models (if applicable)
3- Any design limitations or operational boundaries to be considered
4- Applicable derating factors, including:

4-1 Temperature
4-2 Fluid properties (density, viscosity, gas content)",Please refer to the attached file. Please note that the official product release documents are not yet available from the R&D/Sustaining team. This document is issued as an interim engineering guideline from GOS (General Operations Support),
TR-001434-Q9Z8Y-260606,Kuwait,Kuwait,KOC Mega New,ESP Running Procedures and Design/Installation Limitations,,Medium (3 Working days),Resolved,Yes,Application Engineering,Advanced ESP Design,Mohammed Al-Ayasreh,Mohamed Kamel,Succeeded,2026-06-06T10:28,2026-06-07T15:57,2026-06-07T20:01,Engineering clarifications,N/A,N/A,,"To support future design, installation, and operational activities, we would appreciate receiving your latest ESP running procedure and installation guidelines.

 

Having documented vendor requirements available will help ensure that operational decisions are consistent and supported by established guidelines.

 

Please provide your latest ESP running procedure and installation guidelines, including detailed requirements, limitations, recommendations, and restrictions related to the following:

 

Maximum allowable DLS at PSD, along with the maximum allowable inclination.
Maximum allowable DLS and inclination during ESP RIH, including criteria for performing stress analysis and any limitations related to ESP maximum OD versus casing drift, including the impact of equipment length, liner existence, and liner top crossing on installation feasibility.
Maximum allowable DLS across liner tops, if applicable.
Minimum ""ESP assembly versus casing drift"" clearance requirements.
Free gas handling limitations and maximum allowable free gas at pump intake, including gas handler requirements.
Minimum required pump intake pressure and any operating limitations related to gas locking, up-thrust, down-thrust, or unstable pump operation.
In case of equipment becoming stuck during RIH, the maximum allowable slack-off and pick-up loads, as well as any rotation restrictions and operational limitations.
Running speed recommendations (normal running, through restrictions, across liner tops, etc.).
ESP assembly rotation restrictions and limitations.
Recommended actions prior to deciding to POOH in case of equipment hold-up, restrictions, or excessive drag, including any circulation requirements or recommendations.
Conditions requiring mandatory POOH, if applicable.
Cable protector / clamp types for each casing drift size, including dimensions, clearance requirements, and any associated installation limitations.
Any other operational limitations or installation requirements applicable to",,
TR-001433-N0W6J-260603,Kuwait,Kuwait,KOC ESP New project - 25063781,Motor Temp Rating,,Low (5 Working days),Resolved,Yes,Application Engineering,Operational Performance Optimization,Towfeq Kasim,Mohamed Kamel,Succeeded,2026-06-03T20:09,2026-06-03T20:35,2026-06-03T21:00,Field troubleshooting needed but not rig-dependent,N/A,,,"Could you please confirm the maximum motor temperature rating? Additionally, does the maximum allowable motor temperature change when the motor is derated, or does it remain as specified in the catalog (404°F)?

Furthermore, for high-temperature wells, could you advise on the maximum motor temperature trip set point that can be configured?",,
TR-001437-K7C2K-260610,Kuwait,Kuwait,KOC Mega New,PMM Motor surface voltage calculation,Verify the required surface voltage for PMM Vs induction and added safety factor 20% accepted or not ,Critical (6 Hours),Resolved,Yes,Field Service / Rig related,Commissioning,Mohammed Al-Ayasreh,Mohamed Kamel,Succeeded,2026-06-10T17:38,2026-06-10T17:41,2026-06-10T17:52,High Production differ (NPT/LD related),N/A,Yes,N/A,"Need your support regarding the required surface voltage for a PMM motor during pre-commissioning.

The motor nameplate data At Frequency: 120 Hz is:
Power: 143 HP
Voltage: 2193 V
Current: 35.1 A

During the no-load test, could you please confirm the recommended voltage setting for the initial startup?

Should the surface voltage be calculated as the motor nameplate voltage plus the expected voltage drop and losses in the surface equipment, with an additional 20% margin to avoid motor desynchronization? Or should the voltage be set to the exact required value based on the motor operating conditions?

Additionally, please confirm whether increasing the applied voltage by 20% could lead to higher vibration levels and increase the risk of broken shaft. eresponse as below ",,https://crmapc.crm4.dynamics.com/main.aspx?app=d365default&forceUCI=1&pagetype=entityrecord&etn=new_technicalrequest&id=1cfdd41f-d664-f111-a826-0022489c5d9c
THR-2026-70593,Latin America,Colombia,PAREX RESOURCES COLOMBIA LTD,Compatibility of chemicals with ESP equipment metallurgy and elastomers,,Medium (3 Working days),Resolved,Yes,Operations & Troubleshooting,Operational Performance Optimization,SEBASTIAN IZQUIERDO,Mohamed Kamel,Succeeded,2026-06-10T21:16,2026-06-11T13:44,2026-06-11T16:56,Field troubleshooting needed but not rig-dependent,Yes,N/A,Yes,"Parex is looking for well estimulation while operating our ESP equipment. They wyll inject xilene (1985 gallons), varsol (638 gallons), Alcohol (13 gallons), surfactant (5gallons), demulsifying agent (5 gallons). Equipment has been installed but after 3 days was shutted down due to low submercence. Equipment installed is CS standard and AFLAS protectors","- CS metallurgy: No objection — carbon steel is fully compatible with xylene, varsol, alcohol, surfactant, and demulsifier. the concern will be for conentrations Max Concentration	≤ 30% xylene, blended with diesel , Soaking Time ≤ 45 minute",
THR-2026-99077,Middle East,Saudi Arabia,Saudi Arabian Oil Company (ARAMCO),ESP Deadheading Assessment,Facility constraints prevent routine flow testing during extended shutdowns exceeding six months. This document defines ,Low (5 Working days),Resolved,Yes,Operations & Troubleshooting,Production Optimization & Performance Analysis,Hussain BuAli,Mohamed Kamel,Succeeded,2026-06-14T15:54,2026-06-15T11:39,2026-06-15T11:59,Process improvement,N/A,N/A,N/A,"Facility constraints prevent routine flow testing during extended shutdowns exceeding six months. This document defines the technical basis, risks, and the option of deadhead test protocol as an alternative verification method, while reaffirming that flow testing remains the preferred practice for run-life assurance.","Conclusion and Recommendations
1.	FLOW TESTING IS PREFERRED. Deadhead testing is an interim verification method only and does not replace hydraulic performance validation at design flow rates.
2.	DEADHEAD TEST IS ACCEPTABLE with strict limi",
THR-2026-67721,Middle East,Saudi Arabia,Saudi Arabian Oil Company (ARAMCO),"350 Series PMM inside 4-1/2"" Casing_1",,Medium (3 Working days),Resolved,Yes,Application Engineering,APC Equipment Specification,Hussain BuAli,Mohamed Kamel,Succeeded,2026-06-24T11:38,2026-06-24T20:32,2026-06-29T22:00,Design support not tied to active rig jobs,No,Yes,No,"Will the 350 Series PMM motor fit inside 4-1/2"" casing 12.60# L80 with the power cable, persevere, CCCP ... etc. ?","Thanks for checking on this. After reviewing the specs and running the numbers — this won't work.

350 Series PMM — 4-1/2"" 12.60# L80 Clearance Check

• Motor OD: 3.88"" (98.55 mm)— APC SPECTRUM 350 Series PMM As per 2024 catalog
• Casing dr",
THR-2026-09386,Middle East,Saudi Arabia,Saudi Aramco,"350 Series PMM inside 4-1/2"" Casing 11.60#",,Medium (3 Working days),Resolved,Yes,Application Engineering,APC Equipment Specification,Hussain BuAli,Mohamed Kamel,Succeeded,2026-06-28T16:03,2026-06-28T16:29,2026-06-28T17:01,Engineering clarifications,No,Yes,No,"Will the 350 Series PMM motor fit inside 4-1/2"" casing 11.60# with the power cable, persevere, CCCP ... etc. ?","The 350 Series PMM (3.832""–3.981"" OD) is a 5"" casing system as per products catalog and product champion . It is fundamentally incompatible with 4-1/2"" casing — even the lighter 11.60# weight — once control line and bands are attached.

Eve",
THR-2026-44753,Kuwait,Kuwait,KOC-APC Kuwait,RIH speed,"Please find the request below from KOC and the attached Excel sheet.  After a preliminary investigation, we found out th",Medium (3 Working days),Resolved,Yes,Field Service / Rig related,Installation,Mohammed Al-Ayasreh,Mohamed Kamel,Succeeded,2026-07-06T09:45,2026-07-07T01:55,2026-07-07T02:22,Engineering clarifications,N/A,N/A,N/A,N/A,"Attached is WI (ESP RIH & POOH Speed Control), for issuance through the official document channel.

Key point to flag when reviewing: speed is governed by whichever component - ESP accessory or packer - has the larger OD at its own depth. S",
THR-2026-14736,Middle East,Oman,PDO,Compatibility of Gas separators with shroud/Bull nose,Confirmation required from Global Operational Support Team on the compatibility of the proposed shrouds with APC ESP equ,Low (5 Working days),Resolved,Yes,Completions and other Accessories,Third-Party Technical Solutions,Dler Dler,Mohamed Kamel,Succeeded,2026-07-09T14:47,2026-07-12T13:42,2026-07-12T17:36,Upcoming tender / project,N/A,N/A,N/A,Confirmation required from Global Operational Support Team on the compatibility of the proposed shrouds with APC ESP equipment for the Oman project.,"Bull Nose: Compatibility with the E7 sensor is confirmed. The bottom connection (2 3/8 EUE Box) matches the supplied specification.
Shroud: Kindly email Sustanting to request dimensional verification of the drawing against the gas separator",
THR-2026-90720,Latin America,Ecuador,WAYRAENERGY S.A.S,Compatibility of SP breaker with Ferritic equipment metallurgy,,Medium (3 Working days),Resolved,Yes,Operations & Troubleshooting,Production Optimization & Performance Analysis,SEBASTIAN IZQUIERDO,Mohamed Kamel,Succeeded,2026-07-12T13:36,2026-07-12T17:39,2026-07-12T16:50,Optimization analysis,N/A,N/A,N/A,"Customer in Ecuador wants to inject through the tubing a mixture between Sodium persulfate and Brine 50%-50% for well estimulation (With the downhole equipment installed due to low flowrate and trying to avoid the standard service of pulling, estimulation and installation of a new equipment) . Fluid  will be injected at 4500 psi from surface and 0.5 Barrels per minute  and through a valve installed above the pump, fluid will be pumped through the casing up to the well perforations. 

Pump Setting depth: 8712 ft MD
Tubing: 3.5"" 9.3 lb/ft
Run time: 59 days
Equipment installed:  400series WD1000MF 88stg x3/Tandem vortex sep / BPBSLX2 /206HP/2371V/55.5A motor
Perforations: 8900 ft
Concerns:

1. Sensor performance. Zenith E7
2. Fluid compatibility",,
THR-2026-54740,Middle East,Saudi Arabia,Saudi Aramco,Splice Cable for PMM motor,Need a procedure for splicing round to round cable during PMM installation,Low (5 Working days),Resolved,Yes,Field Service / Rig related,Installation,Abdullah Jarfan,Mohamed Kamel,Succeeded,2026-07-14T10:02,2026-07-16T04:31,2026-07-16T08:44,Training / documentation requests,N/A,N/A,N/A,,"The cable splice itself follows the standard splice procedure GL-M-OP-4_ESP Cable Splicing Procedure with the revised version dated Jan-24 . The technique, materials, and steps do not change for PMM applications.
",
THR-2026-08403,Middle East,Saudi Arabia,Saudi Aramco,Effects of CO2 Concentration on ESP Performance,The Request came from Client to evaluate the potential effects of CO2 concentration on the ESP performance and run life.,Medium (3 Working days),Resolved,Yes,Operations & Troubleshooting,Production Optimization & Performance Analysis,Hussain BuAli,Mohamed Kamel,Succeeded,2026-07-15T10:07,2026-07-16T16:44,2026-07-16T04:02,Engineering clarifications,N/A,N/A,N/A,The Request came from Client to evaluate the potential effects of CO2 concentration on the ESP performance and run life.,,
THR-2026-06936,Africa,Egypt,Khalda Petroleum Co.,Power Cable Selection,"Regarding cable selection, it is generally recommended that the voltage drop should be less than 30 V per 1,000 ft and s",Medium (3 Working days),Resolved,Yes,Cable,Commissioning,Ahmed ElKomy,Mohamed Kamel,Succeeded,2026-07-16T13:13,2026-07-16T15:44,2026-07-16T16:48,Engineering clarifications,N/A,N/A,N/A,"Regarding cable selection, it is generally recommended that the voltage drop should be less than 30 V per 1,000 ft and should not exceed 15% of the motor nameplate voltage.

What would be the impact if the selected cable does not meet these recommendations, while still complying with the temperature limits specified in IEEE 1018-2021?",,
THR-2026-97256,Africa,South Sudan,GPOC,Factors that effect setting depth in Deviated and Horizontal Wells,I am currently preparing designs in which I have to advise the client on determining optimal setting depth of ESP in a d,High (1 Working day),Resolved,Yes,Application Engineering,Advanced ESP Design,Dau . Kachuol,Mohamed Kamel,Succeeded,2026-07-17T16:39,2026-07-17T17:00,2026-07-17T17:38,Technical clarification blocking confirmed opportunity,N/A,N/A,N/A,,Please review the attached TKT feedback for better clarity ( TR-001434-Q9Z8Y-260606 KOC support _GOS feedback) for the generic guidance regarding your seconed questions please specify the DLS at path thru or setting depth and provide teh su,
THR-2026-17552,Africa,Egypt,APC Egypt,ESP Bending Stress Clarification,We are currently evaluating the installation of an ESP system in a well with a relatively high dogleg severity along the,Medium (3 Working days),Resolved,Yes,Application Engineering,Advanced ESP Design,Ahmed ElKomy,Mohamed Kamel,Succeeded,2026-07-19T14:52,2026-07-19T15:53,2026-07-19T16:27,Design support not tied to active rig jobs,N/A,N/A,N/A,,"SP Configuration Validation for High Dogleg
⁠⁠⁠⁠⁠⁠⁠
- The proposed setting depth can't be acceptable since the total equipment string length exceeds the allocated safe landing zone.
- Multiple compounding risk factors require design revisio",
THR-2026-17234,Kuwait,Kuwait,KOC-APC Kuwait,Minimum Motor underload trip set point,"could you please advise what will be the minimum motors U/L trip setpoint form the MNP, we have a case where the clint i",High (1 Working day),Resolved,Yes,Application Engineering,Operational Performance Optimization,Towfeq Kasim,Mohamed Kamel,Succeeded,2026-07-23T09:37,2026-07-23T15:18,2026-07-23T16:17,Field troubleshooting needed (not rig-dependent),N/A,N/A,N/A,,"Thank you for raising this concern regarding the underload setpoint configuration. I understand the operational pressure to maintain continuous production, especially in a gassy environment with heavy current fluctuations. However, I'd like",
THR-2026-63306,Kuwait,Kuwait,KOC-APC Kuwait,Technical Question related to ESP Held-up – Potential CCCP Interaction at the Top of Liner,"With reference to the recent ESP running held up incidents, I would like to share a potential mechanism that, to the bes",Low (5 Working days),Resolved,Yes,Field Service / Rig related,Installation,Mohammed Al-Ayasreh,Mohamed Kamel,Succeeded,2026-07-23T20:28,2026-07-24T14:18,2026-07-24T16:20,Process improvement,N/A,N/A,N/A,,Please find the ticket response attached. Let me know if you need anything else clarified.,
THR-2026-79642,Africa,South Sudan,GPOC,Enquiry on Necessity of Tandem Proseal Usage (Premier Motors.),"South Sudan intends to order Premier Motors with Specs as the following:  MOTOR, 562 SERIES,ST, 60HZ, 330  HP, 2540 V, 8",Medium (3 Working days),Resolved,Yes,Application Engineering,Standard ESP Design,Dau . Kachuol,Mohamed Kamel,Succeeded,2026-08-03T15:03,2026-08-03T18:10,2026-08-03T19:18,Design support not tied to active rig jobs,N/A,N/A,N/A,,"Dear Dau,
From a technical perspective, and with respect to motor oil volume, a tandem seal arrangement is not required. A single seal with a three-chamber design will adequately serve. LSBPB or BPBSL will accepted ,  For applications with ",
THR-2026-70326,Middle East,Saudi Arabia,Saudi Aramco,GPX in low flow rate ,"Equipment:  Pump: WE-1500 / 61 STG, 538 Series Pump operating range: 747–879 BPD (maximum ≈ 900 BPD) Gas Handler: GPX-40",Medium (3 Working days),Resolved,Yes,Application Engineering,Technical Design Solutions,Ammar Alhamed,Mohamed Kamel,Succeeded,2026-08-03T10:11,2026-08-03T18:22,2026-08-03T23:27,Design support not tied to active rig jobs,N/A,N/A,N/A,,,
THR-2026-59715,Latin America,Ecuador,PETROECUADOR,ESP cable material content,Petroecuador is requesting a distribution by percentage of weigth the content of each material in of the following refer,Low (5 Working days),Resolved,Yes,Application Engineering,APC Equipment Specification,SEBASTIAN IZQUIERDO,Mohamed Kamel,Succeeded,2026-08-06T15:58,2026-08-11T14:20,2026-08-11T15:11,Upcoming tender / project,N/A,N/A,N/A,,"Please find attached the material composition breakdown by weight % for Petroecuador requested.
Received: PN 3025100, PN 3045100, PN 0076306
Pending: PN 1023651, PN 0049494 (awaiting second vendor; expected to be similar)
Kindly review and ",
THR-2026-67049,Middle East,Saudi Arabia,Saudi Aramco,PMM Power Consumption,In comparing between IM & PMM for coming job in MNIF-111 to install 560 PMM. as per subpump found that the power consump,Medium (3 Working days),Resolved,Yes,Application Engineering,Technical Design Solutions,Abdullah Jarfan,Mohamed Kamel,Succeeded,2026-08-09T14:32,2026-08-10T11:00,2026-08-10T12:30,Design support not tied to active rig jobs,N/A,N/A,N/A,,"Attached is the IM vs PMM power comparison sheet. Please review and verify the calculations, particularly the sub-pump will not be accurate.

A few variables can shift the savings % up or down and should be confirmed against actual field da",
THR-2026-73671,Latin America,Colombia,PEMEX,ESP-Based Power Dump Flood System Design,Our customer has requested a system design for a power dump flood application utilizing (ESP). To proceed with a compreh,Low (5 Working days),Resolved,Yes,Application Engineering,Technical Design Solutions,LAURA M. PEREZ,Mohamed Kamel,Succeeded,2026-07-27T21:00,2026-07-28T19:43,2026-07-28T23:43,Upcoming tender / project,N/A,N/A,N/A,,"Please find attached the data sheet that needs to be completed by the customer. Once filled and returned, we will proceed with the evaluation and prepare the technical proposal.
Thank you.",
THR-2026-08848,Africa,Egypt,KHALDA,XT configuration for motor testing,Is it possible to test motors on XT3 or XT2 as per client's request?,Low (5 Working days),Resolved,Yes,"Manufacturing, Assembly, Repair and Test",Test,Youssef Ismail,Mohamed Kamel,Succeeded,2026-08-11T14:00,2026-08-11T20:20,2026-08-12T10:16,Process improvement,N/A,N/A,N/A,,"As per our phone discussion and explanation 
With reference to 562 SER MOTOR ~ 19.5 ft as an example Testing the motor at XT2 (2550 V) or XT3 (2667 V) is  acceptable and compliant with industry standards. The voltage variance between the ti",
THR-2026-82236,Africa,Egypt,APC Egypt,critical design validations,"Please find attached the finalized design and bending stress analysis for well HELM 7.  Kindly note that a 560 Series, 2",Medium (3 Working days),Resolved,Yes,Application Engineering,Advanced ESP Design,Yousif Hesham,Mohamed Kamel,Succeeded,2026-08-11T11:00,2026-08-12T13:01,2026-08-12T14:09,Design support not tied to active rig jobs,N/A,N/A,N/A,,"PLZ find below feedback for your further actions.
•	Drilling mode verifications: Originally requested in attached email; awaiting submission.
•	Surface & Reservoir Temperature Data: The provided surface and reservoir temperature values appe",
THR-2026-16306,Kuwait,Kuwait,JO-APC Kuwait,W065 Heavy Oil Viscosity Reducer with Aflas Elastomers Used in ESP Equipment,We have received a request from KGOC/JO to evaluate the compatibility of the heavy oil viscosity reducer W065 with the e,Medium (3 Working days),Resolved,Yes,Operations & Troubleshooting,Production Optimization & Performance Analysis,Mohammed Al-Ayasreh,Mohamed Kamel,Succeeded,2026-08-10T23:02,2026-08-12T16:31,2026-08-12T17:34,Engineering clarifications,N/A,N/A,N/A,,"To provide an accurate and reliable compatibility assessment please ask the customer the following documentation from the chemical vendor ( Safety and Materials Technical Data sheet ) Conditional Guidance 

AFLAS is NOT RECOMMENDED for cont",
THR-2026-39054,Middle East,Saudi Arabia,Saudi Aramco,PMM installation W/O game plan,"Please find attached game plan for the 1st PMM installations with Aramco , looking your review and inputs",High (1 Working day),Resolved,Yes,Field Service / Rig related,Installation,Abdelrahman S. Qadous,Ahmed Abo Elmaaty,Succeeded,2026-08-12T15:03,2026-08-13T10:08,2026-08-13T11:09,High-value customer deliverable with deadline,N/A,N/A,N/A,,,
THR-2026-80435,Latin America,Colombia,APC Colombia,Glass Cloth Electrical Tape comparison and approval,We will order a couple to test for FA and to see how the tape perform in a dummy splice. Could you please help me to val,Medium (3 Working days),Resolved,Yes,Field Service / Rig related,Installation,SEBASTIAN IZQUIERDO,Mohamed Kamel,Succeeded,2026-08-14T21:00,2026-08-16T15:58,2026-08-16T17:20,Engineering clarifications,N/A,N/A,N/A,,"Approved to proceed with FA and dummy splice testing using Nitto P-212WHT. The product is electrically, mechanically, and chemically superior to 3M 79 for ESP downhole applications. The only open risk is process compatibility arising from t",
THR-2026-09416,Africa,Egypt,KHALDA,Couplings max HP,"We are facing an issue that a coupling was broken during operation (CPLG, 540S 1"" PMP-PMP COMP K500 MNL), we need to ide",Low (5 Working days),Resolved,Yes,Teardown & Analysis,RCFA,Youssef Ismail,Mohamed Kamel,Succeeded,2026-08-13T15:00,2026-08-15T18:13,2026-08-16T20:12,RCFA report,N/A,N/A,N/A,,"As per our phone discussion
There is no single fixed ""HP rating"" for a coupling or shaft since capacity is governed by maximum allowable torque, not a static horsepower number.
Torque capacity is derived from the material's yield strength a",
THR-2026-13565,Middle East,Oman,PDO,Calculation of spooler anchor weight,in PDO procedures there should an anchor weight to hold the spooler in case the equipment falls down into the well to pr,Low (5 Working days),Resolved,Yes,Field Service / Rig related,Location layout and setup,Abdullah Qadous,Mohamed Kamel,Succeeded,2026-08-15T10:00,2026-08-16T20:17,2026-08-17T22:21,Process improvement,N/A,N/A,N/A,"Could you please share the following:
1- Written qualification requirement from PDO (as per the contract/service agreement)
2- Average wells depth
3- Common cable sizes specified in the contract

The below reply government all factors since we didn't received any feedback from the requester 



- Governing load isn't string weight, it's cable strength.The anchor only ever sees what the cable can transmit before it parts even on heavy completions (up to ~20 t with Y-tool/lower completions), the ceiling is the weakest cable in the fleet, not the full string.
- Weakest cable assumed: 5 AWG ≈ 1,500 kgf (14.7 kN) breaking strength copper conductor basis; confirm against actual armored cable datasheet before finalizing.
- Target safety factor: 1.5–2.0 against that governing tension, evaluated at worst-case ground friction (μ ≈ 0.15, wet/oily) not the dry best case.
- Required anchor mass = (governing cable tension × SF) / μ
  - At SF 1.5, μ 0.15  ≈ 15,000 kg for pure friction restraint. Which cannot be achieved
  - This is why friction-only ballast at typical field masses (3–5 t) does not reliably reach target SF  confirmed by the numbers, not assumption.

  - For fabrication basis Base chassis already meets the governing design case with no counterweight.
  - Counterweight-to-chassis attachment joint is the governing failure point in every mass tested not friction, not the frame.
  - Beyond ~3,000 kg, added mass reduces achieved structural safety factor unless the joint is reinforced.
  - Recommended: 3 to 5 tons , attachment joint reinforced and re-verified not the heavier masses.
- Realistic claim, not absolute prevention:design intent is to reduce spooler travel and buy reaction time, not fully arrest a catastrophic pull  friction-only systems cannot honestly claim zero movement.
- Layered system recommended, not mass alone
  - Right-sized ballast (3 to 5 tons , joint reinforced)",,
THR-2026-16604,Middle East,Saudi Arabia,Saudi Aramco,"5000 ft of 2 3/8"" tail pipe below Y-tool",This completion has ~5000 ft of 2 3/8” tail pipe below the ESP. is it ok for our Y-tool to handle the wight? is it enoug,Medium (3 Working days),Resolved,Yes,Completions and other Accessories,Advanced ESP Design,Abdullah Jarfan,Mohamed Kamel,Succeeded,2026-08-17T10:22,2026-08-17T13:36,2026-08-17T17:49,Design support not tied to active rig jobs,N/A,N/A,N/A,,"Greetings Abdallah,
As per our discussion, the limiting factors will not apply to the ESP itself, as the ESP is not designed to carry such loads. However, since the load will be carried by the Y-Tool bypass tubing side, we need to verify th",
THR-2026-69413,Kuwait,Kuwait,Kuwait- KOC,Underload setpoint for PMM,"Assalamu Alaikum, Could you please advise on the recommended minimum underload (UL) setpoint percentage for Permanent Ma",High (1 Working day),Resolved,Yes,Operations & Troubleshooting,Production Optimization & Performance Analysis,Mohammed Al-Ayasreh,Mohamed Kamel,Succeeded,2026-08-17T13:19,2026-08-17T03:25,2026-08-17T16:29,Field troubleshooting needed (not rig-dependent),N/A,Yes,Yes,,"Wa Alaikum Assalam,

The underload setpoint for a PMM must be referenced against the stable running amperage not the motor nameplate current, and not the no-load (idle) current

This is a critical distinction for PMM applications: the no-lo",
THR-2026-57997,Middle East,Saudi Arabia,Saudi Aramco,Effect of CO2 on ESP (JLDI Project),"Evaluate the potential effects of the measured CO2 concentration on the performance and run life of the JLDI ESP pumps, ",Low (5 Working days),Resolved,,Application Engineering,Operational Performance Optimization,Sami Abu Taleb,,Succeeded,2026-08-18T14:47,2026-08-20T10:45,2026-08-20T10:50,Process improvement,N/A,N/A,N/A,,"PLZ find attached fedback Important:  Highliting that to the customer Dissolved CO₂ was measured at the sample point (surface/manifold conditions), not bottomhole. CO₂ solubility falls as pressure drops toward surface, so 140–160 mg/L at th",
THR-2026-57543,Kuwait,Kuwait,Kuwait- KOC,Unstable Performance/ recent installed PMM,Attached : Selection sheet for our completion : VSD log : Plot data                                             Our well,High (1 Working day),Resolved,Yes,Operations & Troubleshooting,Diagnostic Guidance / Case Matching,Mohammed Al-Ayasreh,Ahmed El-Masry,Succeeded,2026-08-20T20:43,2026-08-21T15:37,2026-08-20T17:38,Field troubleshooting needed (not rig-dependent),Yes,Yes,Yes,,,
THR-2026-96012,Middle East,Oman,PDO,Shimming Procedure for 400 Series Protector to Protector,"please provide the shimming procedure for 400 series protector to 400 series protector. Also, what are the required tool",High (1 Working day),Resolved,Yes,"Manufacturing, Assembly, Repair and Test",Inspection / Quality,Dler Dler,Mohamed Kamel,Succeeded,2026-08-29T20:03,2026-08-30T08:39,2026-08-30T10:51,Technical clarification blocking confirmed opportunity,No,Yes,No,,"In the workshop, we shim horizontally with the full string connected. In the field, we do not perform seal shimming, we only verify it.
Tandem Shimming _Zero Exceptions
Tandem shimming is a critical task. You cannot take responsibility for ",
THR-2026-02353,Latin America,Colombia,APC Colombia,Storage recommendation for VSD specturm v2 and v3,"Im looking in the documents and the APC servers, recommendations for short storage (up to 6 months) and long storage (Be",Low (5 Working days),Resolved,Yes,Surface Equipment - APC,SE Maintenance,SEBASTIAN IZQUIERDO,Ahmed El-Masry,Succeeded,2026-09-01T22:05,2026-09-04T17:18,2026-09-04T23:03,Upcoming tender / project,No,N/A,N/A,,"Find the attached Storage recommendations as requested based on our main suppliers' operations and services manuals, in addition to the industry general recommendations related to the same subject.",
THR-2026-53415,Kuwait,Kuwait,Kuwait- KOC,UMKA Service Software,"Provide UMKA Service software to read Triol Drives log files, export its event logs, setpoints, and trend data.",Medium (3 Working days),Resolved,Yes,Surface Equipment - Non APC,SE Troubleshooting,Mohammed Al-Ayasreh,Ahmed El-Masry,Succeeded,2026-09-08T13:46,2026-09-08T23:11,2026-09-08T12:09,Engineering clarifications,N/A,N/A,N/A,,"UMKA Service software attached to this ticket timeline, along with a procedure for how to use.",
THR-2026-30317,Kuwait,Kuwait,KOC-APC Kuwait,BHP/Stage for WD-650 @ BEP,,Medium (3 Working days),Resolved,Yes,Application Engineering,APC Equipment Specification,Towfeq Kasim,Mohamed Kamel,Succeeded,2026-09-08T14:20,2026-09-09T22:16,2026-09-09T23:16,Engineering clarifications,N/A,N/A,N/A,,Please fund attachments,
THR-2026-18256,Middle East,Saudi Arabia,Saudi Aramco,Root Cause Failure SFNY-357,Identify the root cause of SFNY-357 failure that happened after 3 days. attached the failure analysing report including ,Medium (3 Working days),Resolved,Yes,Teardown & Analysis,RCFA,Abdullah Jarfan,Mohamed Kamel,Succeeded,2026-09-06T12:44,2026-09-08T12:23,2026-09-08T13:24,Engineering clarifications,Yes,N/A,N/A,,,
THR-2026-14873,Kuwait,Kuwait,Kuwait- KOC,Haliburton VSD User Manual,"Provide Haliburton Summit VSD manual, as Kuwait APC operations use it for some wells.",Medium (3 Working days),Resolved,Yes,Surface Equipment - Non APC,SE Troubleshooting,Mohammed Al-Ayasreh,Ahmed El-Masry,Succeeded,2026-09-08T12:04,2026-09-10T12:06,2026-09-10T12:21,Engineering clarifications,N/A,N/A,N/A,,"Added to the ticket timeline the required manuals
Halliburton Galaxy VSD user manual
SummitView™III Software operator's manual
Danfoss alarms",
TR-001480-D6D3S-260910,Middle East,Oman,PDO,Cable Voltage Drop Calculation,"Please provide formula/excel sheet for Voltage drop calculation needed during commissioning. Also, please provide standa",Medium (3 Working days),Resolved,Yes,,,Dler Dler,Mohamed Kamel,Succeeded,2026-09-10T09:24,2026-09-11T12:56,2026-09-11T13:11,Engineering clarifications,N/A,N/A,N/A,,All requested documents communicated with Oman team,
THR-2026-70500,Middle East,Oman,PDO,RIH with DLS > 5 deg/30m,"We're going to install 500 series ESP string inside 7"" 23lb/ft.  The pump setting depth required by client at 900m. The ",Medium (3 Working days),Resolved,Yes,Application Engineering,Advanced ESP Design,Dler Dler,Mohamed Kamel,Succeeded,2026-09-12T00:00,2026-09-13T10:02,2026-09-13T10:09,Upcoming tender / project,Yes,No,No,,,
THR-2026-19845,Africa,Congo,Eni Congo S.A.,Borets Axiom II & Borets 15 Manuals,Provide Borets Axiom II and Borets 15 Manuals as they have been used in Congo operations.,Medium (3 Working days),Resolved,Yes,Surface Equipment - Non APC,SE Maintenance,Mohamed Sirelkhatim,Ahmed El-Masry,Succeeded,2026-09-10T21:00,2026-09-12T23:12,2026-09-13T10:11,Engineering clarifications,N/A,N/A,N/A,,,
THR-2026-01708,Middle East,Oman,PDO,POD  System,"Our client is asking the possibility of providing POD system. please provide catalogues, datasheets, successful stories,",Medium (3 Working days),Resolved,Yes,Application Engineering,Advanced ESP Design,Dler Dler,Mohamed Kamel,Succeeded,2026-09-15T14:09,2026-09-17T11:25,2026-09-20T11:46,Design support not tied to active rig jobs,N/A,N/A,N/A,,"All historical record for about 25 wells both sealed and non-sealed POD shared via shared folder covering all aspect of data sheet , installation record and filed deployment",
THR-2026-26440,Middle East,Saudi Arabia,Saudi Aramco,"Combined CS , 9 Cr and Monel coated",,High (1 Working day),Resolved,Yes,Application Engineering,APC Equipment Specification,Sami Abu Taleb,Mohamed Kamel,Succeeded,2026-09-15T20:02,2026-09-17T12:56,2026-09-17T13:57,Technical clarification blocking confirmed opportunity,Yes,Yes,N/A,,PLZ find attached risk analysis,
THR-2026-59493,Africa,South Sudan,SPOC,Enquiry about PSD in deviated well,I have a case where client is planning WO activities in 5 running wells (deviated). The proposal is to add new perforati,Medium (3 Working days),Resolved,Yes,Application Engineering,Advanced ESP Design,Dau . Kachuol,Mohamed Kamel,Succeeded,2026-09-20T22:05,2026-09-22T19:43,2026-09-22T20:36,Design support not tied to active rig jobs,No,No,No,,"Please upload the SubPump file including all well data and the proposed equipment with total length.
In addition, please verify with the customer which sections were drilled by rotary and which were drilled by sliding. This information can ",
THR-2026-17749,Kuwait,Kuwait,KOC-APC Kuwait,MLE leak test cap,Kindly need your support on MLE pressure test cap drawings with test WI.,Medium (3 Working days),Resolved,Yes,"Manufacturing, Assembly, Repair and Test",Tooling and equipment,Mohammed Al-Ayasreh,Mohamed Kamel,Succeeded,2026-09-22T11:19,2026-09-22T14:36,2026-09-22T18:40,Engineering clarifications,N/A,N/A,N/A,,WI attached ; all drawing for different SER : Vacuum and pressure test cap provided through MS TEAM,
THR-2026-55162,Latin America,Ecuador,WAYRAENERGY S.A.S,Running an ESP through a high dogleg section 9.14°/100ft,"I appreciate your help, our customer wish to install an ESP 450/400 series through liner 7"", 26 lb/ft, in a section of 9",Critical (6 Hours),Resolved,Yes,Application Engineering,Advanced ESP Design,ANDRES VASCONEZ,Mohamed Kamel,Succeeded,2026-09-22T19:30,2026-09-22T23:24,2026-09-22T23:42,Risk of losing well or equipment,N/A,N/A,N/A,,"Please find the attached report.
The proposed ESP installation for YRCH-037 is conditionally approved, subject to the requirements and mitigation measures outlined in the attached report.
Please refer to the report for detailed feedback and",
THR-2026-43986,Africa,Egypt,APC Egypt,Thrust bearing Capacity,Please i need the latest version of Thrust bearing Capacity from our Thrust bearing for 400 and 500 series Protectors fo,Medium (3 Working days),Resolved,Yes,Application Engineering,APC Equipment Specification,Ahmed ElKomy,Mohamed Kamel,Succeeded,2026-09-22T14:26,2026-09-22T18:50,2026-09-22T21:45,Engineering clarifications,N/A,N/A,N/A,,"Please elaborate further on the background of your request, as we have not officially released any technical bulletin (TB) to replace the previous TB-035R1.",
THR-2026-79564,Africa,South Sudan,SPOC,High DLS vs drilling mode,client is planning WO activities in 5 running wells (deviated) they provide drilling report and i need to know how to ev,Medium (3 Working days),Resolved,Yes,Application Engineering,Advanced ESP Design,Dau . Kachuol,Mohamed Kamel,Succeeded,2026-09-30T17:02,2026-10-01T14:20,2026-10-01T16:21,Design support not tied to active rig jobs,N/A,N/A,N/A,,"Please find attached an example steering sheet, along with a technical brief explaining how to identify the drilling mode and its effect on the ESP setting depth.",
THR-2026-39827,Middle East,Saudi Arabia,Saudi Aramco,GRC sensor performance at LATAM,,Medium (3 Working days),Resolved,Yes,Operations & Troubleshooting,Diagnostic Guidance / Case Matching,Aied El-Barkatawy,Mohamed Kamel,Succeeded,2026-09-29T18:01,2026-09-29T20:26,2026-09-30T23:26,Engineering clarifications,N/A,N/A,N/A,,Please review the communications delivered via email and reach out if further clarification is needed.,
